"country","iso3","nutrient","npeople","ndeficient","perc_deficient"
"Afghanistan","AFG","Calcium",38928302,37088066.2218277,95.2727561089813
"Afghanistan","AFG","Iron",38928302,21866266.8461569,56.1706155232687
"Afghanistan","AFG","Omega-3 fatty acids",14091526,13689660.9047237,97.148179017118
"Afghanistan","AFG","Vitamin A, RAE",38928302,32001980.9459682,82.2074924972792
"Afghanistan","AFG","Vitamin B-12",38928302,17508428.139135,44.9760899900925
"Afghanistan","AFG","Zinc",38928302,33179745.0384732,85.2329624818293
"Albania","ALB","Calcium",2877749,27842.5728390688,0.967512206209394
"Albania","ALB","Iron",2877749,15738.1315336813,0.546890348452255
"Albania","ALB","Omega-3 fatty acids",1953783,1747005.68152342,89.4165668103069
"Albania","ALB","Vitamin A, RAE",2877749,5146.78860090897,0.178847724416166
"Albania","ALB","Vitamin B-12",2877749,3.7189710203659e-06,1.29231945536803e-10
"Albania","ALB","Zinc",2877749,342.852940778604,0.0119139278922034
"Algeria","DZA","Calcium",43850080,23532869.8473928,53.6666520275284
"Algeria","DZA","Iron",43850080,124083.328216821,0.282971725973637
"Algeria","DZA","Omega-3 fatty acids",24441006,22228491.9486466,90.9475328005999
"Algeria","DZA","Vitamin A, RAE",43850080,12086424.2653497,27.5630609233774
"Algeria","DZA","Vitamin B-12",43850080,6350575.99181845,14.482472989373
"Algeria","DZA","Zinc",43850080,1301202.01535209,2.96738800784877
"Angola","AGO","Calcium",32866230,32248199.987105,98.11955915572
"Angola","AGO","Iron",32866230,9673783.37423331,29.4338090320469
"Angola","AGO","Omega-3 fatty acids",11202717,7746172.3330609,69.1454790213919
"Angola","AGO","Vitamin A, RAE",32866230,6657350.24129951,20.2558986573742
"Angola","AGO","Vitamin B-12",32866230,2838294.12871685,8.63589808967092
"Angola","AGO","Zinc",32866230,6036510.08038361,18.3669075533872
"Antigua & Barbuda","ATG","Calcium",97924,73653.1889533185,75.2146449831691
"Antigua & Barbuda","ATG","Iron",97924,14267.529353758,14.570002607898
"Antigua & Barbuda","ATG","Omega-3 fatty acids",61895,16193.201578266,26.1623743085322
"Antigua & Barbuda","ATG","Vitamin A, RAE",97924,688.942509657339,0.703548169659469
"Antigua & Barbuda","ATG","Vitamin B-12",97924,0.000341844371846893,3.49091511628296e-07
"Antigua & Barbuda","ATG","Zinc",97924,18215.171107933,18.6013348187707
"Argentina","ARG","Calcium",45191659,41878072.8563269,92.6677041361258
"Argentina","ARG","Iron",45191659,2083134.67728198,4.60955566442466
"Argentina","ARG","Omega-3 fatty acids",27131145,24288103.3940831,89.5211145496554
"Argentina","ARG","Vitamin A, RAE",45191659,1.71361500153533e-10,3.79188336842277e-16
"Argentina","ARG","Vitamin B-12",45191659,0,0
"Argentina","ARG","Zinc",45191659,9.12642210712993,2.01949260307747e-05
"Armenia","ARM","Calcium",2963018,1296816.92929272,43.7667583960921
"Armenia","ARM","Iron",2963018,49708.9551527994,1.67764607413115
"Armenia","ARM","Omega-3 fatty acids",1998732,1601640.12356024,80.1328103797926
"Armenia","ARM","Vitamin A, RAE",2963018,596.962091176155,0.0201470963448806
"Armenia","ARM","Vitamin B-12",2963018,1.31190039391882e-13,4.42758158714802e-18
"Armenia","ARM","Zinc",2963018,7688.81625476995,0.259492728521053
"Australia","AUS","Calcium",25495544,13514177.6464908,53.00603762952
"Australia","AUS","Iron",25495544,376987.290136546,1.47863991502415
"Australia","AUS","Omega-3 fatty acids",17461522,8555416.0990317,48.9958212063742
"Australia","AUS","Vitamin A, RAE",25495544,4.14532160484033e-06,1.62590043375436e-11
"Australia","AUS","Vitamin B-12",25495544,0,0
"Australia","AUS","Zinc",25495544,278.663331791686,0.0010929883739358
"Austria","AUT","Calcium",9005245,5512042.29180626,61.2092429668072
"Austria","AUT","Iron",9005245,327837.181511609,3.64051373962184
"Austria","AUT","Omega-3 fatty acids",6746094,5192591.70186689,76.9718255017924
"Austria","AUT","Vitamin A, RAE",9005245,3221240.33342638,35.7707128837292
"Austria","AUT","Vitamin B-12",9005245,575891.28255239,6.39506512651672
"Austria","AUT","Zinc",9005245,4553.16998763021,0.0505613116315016
"Azerbaijan","AZE","Calcium",10139067,7842689.99627792,77.3512000293313
"Azerbaijan","AZE","Iron",10139067,44854.4589366237,0.442392371375233
"Azerbaijan","AZE","Omega-3 fatty acids",6398444,5717556.67171939,89.3585482926691
"Azerbaijan","AZE","Vitamin A, RAE",10139067,1543916.12074423,15.2273983468521
"Azerbaijan","AZE","Vitamin B-12",10139067,41847.0667429645,0.412730942038005
"Azerbaijan","AZE","Zinc",10139067,856532.119534288,8.4478396240432
"Bahamas","BHS","Calcium",393240,336121.571733581,85.474919065604
"Bahamas","BHS","Iron",393240,110224.017367498,28.0297063796912
"Bahamas","BHS","Omega-3 fatty acids",242295,193082.826347764,79.6891501466245
"Bahamas","BHS","Vitamin A, RAE",393240,105637.790030446,26.8634396374851
"Bahamas","BHS","Vitamin B-12",393240,2278.9431574394,0.579529843718696
"Bahamas","BHS","Zinc",393240,55410.9955438474,14.0908848397537
"Bahrain","BHR","Calcium",1701576,1629291.88966442,95.751931718855
"Bahrain","BHR","Iron",1701576,1636526.61186305,96.1771094481262
"Bahrain","BHR","Omega-3 fatty acids",1209902,1135150.87720409,93.821720866987
"Bahrain","BHR","Vitamin A, RAE",1701576,1577080.55104418,92.6835211030351
"Bahrain","BHR","Vitamin B-12",1701576,1397847.71130829,82.1501779120232
"Bahrain","BHR","Zinc",1701576,1608719.87796978,94.5429341956972
"Bangladesh","BGD","Calcium",164683642,159570072.807296,96.8949137081239
"Bangladesh","BGD","Iron",164683642,90455812.6764995,54.9270173879805
"Bangladesh","BGD","Omega-3 fatty acids",89797384,4943043.49654016,5.50466313867246
"Bangladesh","BGD","Vitamin A, RAE",164683642,136467676.045522,82.8665642732885
"Bangladesh","BGD","Vitamin B-12",164683642,91149570.5325926,55.3482843988795
"Bangladesh","BGD","Zinc",164683642,37408625.6679107,22.7154471528573
"Barbados","BRB","Calcium",287167,230386.073998371,80.2272106468957
"Barbados","BRB","Iron",287167,13744.0115780504,4.78606928304799
"Barbados","BRB","Omega-3 fatty acids",201268,85265.4243606577,42.3641236364736
"Barbados","BRB","Vitamin A, RAE",287167,41686.801730787,14.5165711000174
"Barbados","BRB","Vitamin B-12",287167,226.579534149187,0.0789016614545497
"Barbados","BRB","Zinc",287167,27281.2875824645,9.50014715564966
"Belarus","BLR","Calcium",9448932,6332139.6405103,67.0143423670559
"Belarus","BLR","Iron",9448932,328786.391647956,3.4796143272907
"Belarus","BLR","Omega-3 fatty acids",6950737,4305191.8736534,61.93863864585
"Belarus","BLR","Vitamin A, RAE",9448932,159.68710188824,0.00169000159899807
"Belarus","BLR","Vitamin B-12",9448932,5.65313235085106e-15,5.98282679021402e-20
"Belarus","BLR","Zinc",9448932,972.57110096419,0.0102929209456073
"Belgium","BEL","Calcium",11587731,7029764.68495358,60.6655840125524
"Belgium","BEL","Iron",11587731,471704.283361744,4.07072172595087
"Belgium","BEL","Omega-3 fatty acids",8315075,6387905.59925568,76.8231867933324
"Belgium","BEL","Vitamin A, RAE",11587731,4067247.52047881,35.0996025061231
"Belgium","BEL","Vitamin B-12",11587731,730868.48786029,6.30726142900875
"Belgium","BEL","Zinc",11587731,7214.22854036852,0.06225747336013
"Belize","BLZ","Calcium",397609,331799.812877828,83.4487682315611
"Belize","BLZ","Iron",397609,70280.1332136489,17.6756897388261
"Belize","BLZ","Omega-3 fatty acids",202312,178968.466766825,88.4616170898537
"Belize","BLZ","Vitamin A, RAE",397609,240884.215644899,60.5831899290256
"Belize","BLZ","Vitamin B-12",397609,113286.853270971,28.4920243935553
"Belize","BLZ","Zinc",397609,99884.0902444757,25.1211844411157
"Benin","BEN","Calcium",12123153,12025143.313646,99.1915495386888
"Benin","BEN","Iron",12123153,7820532.96423764,64.5090676017835
"Benin","BEN","Omega-3 fatty acids",4630881,2444530.55415229,52.7875916948048
"Benin","BEN","Vitamin A, RAE",12123153,1684782.47591207,13.8972301670371
"Benin","BEN","Vitamin B-12",12123153,6109787.73738036,50.3976790310273
"Benin","BEN","Zinc",12123153,7846716.00439812,64.7250431005706
"Bhutan","BTN","Calcium",771546,764004.664393145,99.0225682452045
"Bhutan","BTN","Iron",771546,656973.689309336,85.1502942545663
"Bhutan","BTN","Omega-3 fatty acids",435417,422948.981278898,97.1365337777114
"Bhutan","BTN","Vitamin A, RAE",771546,706017.795105614,91.5068959084246
"Bhutan","BTN","Vitamin B-12",771546,664731.282907491,86.155755186015
"Bhutan","BTN","Zinc",771546,672854.696063451,87.2086299538136
"Bolivia","BOL","Calcium",11671517,11609562.6696453,99.4691835658151
"Bolivia","BOL","Iron",11671517,1936413.7946505,16.5909349628716
"Bolivia","BOL","Omega-3 fatty acids",5944045,5339871.63370435,89.8356528879635
"Bolivia","BOL","Vitamin A, RAE",11671517,8230531.04832178,70.5180915927362
"Bolivia","BOL","Vitamin B-12",11671517,1141456.01223772,9.77984277654495
"Bolivia","BOL","Zinc",11671517,154266.10033838,1.32173135967141
"Bosnia & Herzegovina","BIH","Calcium",3280660,1688499.34886552,51.4682822622741
"Bosnia & Herzegovina","BIH","Iron",3280660,31827.1588616868,0.970144997094695
"Bosnia & Herzegovina","BIH","Omega-3 fatty acids",2423005,2114348.5144003,87.2614177189194
"Bosnia & Herzegovina","BIH","Vitamin A, RAE",3280660,8227.98192521144,0.250802641090861
"Bosnia & Herzegovina","BIH","Vitamin B-12",3280660,12285.4489354508,0.374481017095668
"Bosnia & Herzegovina","BIH","Zinc",3280660,528.06224695911,0.0160962198752419
"Botswana","BWA","Calcium",2351623,2088087.12686388,88.7934472006727
"Botswana","BWA","Iron",2351623,200788.883689711,8.53831093205464
"Botswana","BWA","Omega-3 fatty acids",1136845,984536.555284846,86.6025320324975
"Botswana","BWA","Vitamin A, RAE",2351623,756342.566839368,32.1625773705806
"Botswana","BWA","Vitamin B-12",2351623,133.868480869588,0.0056925995735536
"Botswana","BWA","Zinc",2351623,120410.316116446,5.120306958915
"Brazil","BRA","Calcium",212538259,180271630.53365,84.8184375753497
"Brazil","BRA","Iron",212538259,31395235.3615964,14.7715688974362
"Brazil","BRA","Omega-3 fatty acids",135148854,106391561.549126,78.7217637443864
"Brazil","BRA","Vitamin A, RAE",212538259,13200149.2254811,6.21071673758326
"Brazil","BRA","Vitamin B-12",212538259,2.64605696945631e-10,1.24497913077208e-16
"Brazil","BRA","Zinc",212538259,204.557408839883,9.62449818693035e-05
"Brunei","BRN","Calcium",437478,383986.34063156,87.7727201439981
"Brunei","BRN","Iron",437478,167.630382641501,0.0383174428523264
"Brunei","BRN","Omega-3 fatty acids",270839,206427.278974878,76.217708297135
"Brunei","BRN","Vitamin A, RAE",437478,23319.3806998725,5.33041220355595
"Brunei","BRN","Vitamin B-12",437478,7332.12181498819,1.67599783645993
"Brunei","BRN","Zinc",437478,6716.04235456076,1.53517259257854
"Bulgaria","BGR","Calcium",6948266,4331160.64613143,62.3344104288959
"Bulgaria","BGR","Iron",6948266,291200.027600105,4.19097408763719
"Bulgaria","BGR","Omega-3 fatty acids",5313536,4069342.81890246,76.5844593675936
"Bulgaria","BGR","Vitamin A, RAE",6948266,2474770.96635079,35.6171016819273
"Bulgaria","BGR","Vitamin B-12",6948266,445928.867191734,6.41784392237911
"Bulgaria","BGR","Zinc",6948266,3181.27641776238,0.0457851846455271
"Burkina Faso","BFA","Calcium",20903277,20798786.7120358,99.5001248466246
"Burkina Faso","BFA","Iron",20903277,6008834.42589928,28.7458967601074
"Burkina Faso","BFA","Omega-3 fatty acids",7401652,5895401.8368042,79.6498111070907
"Burkina Faso","BFA","Vitamin A, RAE",20903277,16587219.2219179,79.3522432961965
"Burkina Faso","BFA","Vitamin B-12",20903277,9017873.82669377,43.1409574044001
"Burkina Faso","BFA","Zinc",20903277,6086013.81017011,29.1151182188807
"Burundi","BDI","Calcium",11890764,11818932.2855495,99.3959032872027
"Burundi","BDI","Iron",11890764,11612027.2624721,97.6558551029366
"Burundi","BDI","Omega-3 fatty acids",4250255,3759757.59071292,88.459576912748
"Burundi","BDI","Vitamin A, RAE",11890764,10661871.1704384,89.6651482649762
"Burundi","BDI","Vitamin B-12",11890764,9632775.47083488,81.0105681252683
"Burundi","BDI","Zinc",11890764,11748528.5733758,98.8038159144007
"Cambodia","KHM","Calcium",16718931,16277476.5503638,97.3595533731419
"Cambodia","KHM","Iron",16718931,6630284.18441044,39.6573452238689
"Cambodia","KHM","Omega-3 fatty acids",8559969,205142.487246025,2.39653306274853
"Cambodia","KHM","Vitamin A, RAE",16718931,14586261.3937175,87.2439834443811
"Cambodia","KHM","Vitamin B-12",16718931,2745578.80834788,16.4219758329517
"Cambodia","KHM","Zinc",16718931,2793919.01310541,16.7111103760486
"Cameroon","CMR","Calcium",26545860,25635309.6920647,96.5698971216783
"Cameroon","CMR","Iron",26545860,2193624.45847667,8.26352756503903
"Cameroon","CMR","Omega-3 fatty acids",10103377,6998338.4189169,69.2673194211886
"Cameroon","CMR","Vitamin A, RAE",26545860,8728234.90509299,32.8798347655453
"Cameroon","CMR","Vitamin B-12",26545860,6697667.95717288,25.2305555637409
"Cameroon","CMR","Zinc",26545860,410185.561782285,1.54519598077548
"Canada","CAN","Calcium",37733611,27023719.6555875,71.6171045903545
"Canada","CAN","Iron",37733611,159284.463173714,0.422128863240026
"Canada","CAN","Omega-3 fatty acids",27427901,14970478.4022702,54.5812032873759
"Canada","CAN","Vitamin A, RAE",37733611,3776079.83991131,10.0072050880879
"Canada","CAN","Vitamin B-12",37733611,5085220.33740615,13.4766331730249
"Canada","CAN","Zinc",37733611,12002.4940400741,0.0318084957203649
"Cape Verde","CPV","Calcium",555983,525389.304708217,94.4973685720996
"Cape Verde","CPV","Iron",555983,98273.4116090762,17.6756144718591
"Cape Verde","CPV","Omega-3 fatty acids",305011,246862.446563965,80.9355880817298
"Cape Verde","CPV","Vitamin A, RAE",555983,82357.0606169154,14.812873885877
"Cape Verde","CPV","Vitamin B-12",555983,279140.147489542,50.2065975919304
"Cape Verde","CPV","Zinc",555983,57255.0937043396,10.2979935905126
"Central African Republic","CAF","Calcium",4829762,4736212.06696729,98.0630529406478
"Central African Republic","CAF","Iron",4829762,4023382.02765105,83.3039397728305
"Central African Republic","CAF","Omega-3 fatty acids",1646774,1184677.46407948,71.9392863914222
"Central African Republic","CAF","Vitamin A, RAE",4829762,1943361.11690305,40.23720251439
"Central African Republic","CAF","Vitamin B-12",4829762,278.205920423307,0.00576024078253353
"Central African Republic","CAF","Zinc",4829762,3966199.01659026,82.1199681597201
"Chad","TCD","Calcium",16425832,15854596.6483531,96.5223353578259
"Chad","TCD","Iron",16425832,8834371.29411025,53.7834022295507
"Chad","TCD","Omega-3 fatty acids",5399054,3877500.70674911,71.8181501194303
"Chad","TCD","Vitamin A, RAE",16425832,2023214.01112372,12.3172695978123
"Chad","TCD","Vitamin B-12",16425832,0.0012838919120585,7.81629759794511e-09
"Chad","TCD","Zinc",16425832,3809391.73944232,23.1914690193003
"Chile","CHL","Calcium",19112478,18545260.5451214,97.0322139553094
"Chile","CHL","Iron",19112478,263942.280451542,1.3809945547173
"Chile","CHL","Omega-3 fatty acids",12787611,10644120.419189,83.237755818417
"Chile","CHL","Vitamin A, RAE",19112478,2808463.31720362,14.6943965989319
"Chile","CHL","Vitamin B-12",19112478,1152.35441790195,0.00602933025169186
"Chile","CHL","Zinc",19112478,0,0
"China","CHN","Calcium",1439249111,1223193478.51661,84.9883087762845
"China","CHN","Iron",1439249111,68001827.6037678,4.72481289611634
"China","CHN","Omega-3 fatty acids",1014818721,42331940.3753135,4.17137952811904
"China","CHN","Vitamin A, RAE",1439249111,0.170771955432129,1.18653507670729e-08
"China","CHN","Vitamin B-12",1439249111,80.7028062688116,5.60728546934719e-06
"China","CHN","Zinc",1439249111,3352859.28751964,0.232958927116519
"Colombia","COL","Calcium",50878881,47528571.3062112,93.4151270076306
"Colombia","COL","Iron",50878881,10295974.3599095,20.236243717525
"Colombia","COL","Omega-3 fatty acids",30923384,25754008.3646902,83.2832796200125
"Colombia","COL","Vitamin A, RAE",50878881,83160.4264837236,0.163447829137051
"Colombia","COL","Vitamin B-12",50878881,3.94574633494404e-08,7.75517514810131e-14
"Colombia","COL","Zinc",50878881,75774.1498410891,0.148930456707743
"Comoros","COM","Calcium",869594,863351.226972858,99.2821048642077
"Comoros","COM","Iron",869594,809412.617369504,93.0793700703437
"Comoros","COM","Omega-3 fatty acids",361108,319515.384749527,88.4819457750941
"Comoros","COM","Vitamin A, RAE",869594,776344.192031378,89.2766270272539
"Comoros","COM","Vitamin B-12",869594,715328.544464137,82.2600598053962
"Comoros","COM","Zinc",869594,809109.387596376,93.0444998006398
"Congo - Brazzaville","COG","Calcium",5518092,5406461.94487568,97.9770171442536
"Congo - Brazzaville","COG","Iron",5518092,4078703.47909199,73.9151046972756
"Congo - Brazzaville","COG","Omega-3 fatty acids",2191526,784278.058767313,35.7868470995696
"Congo - Brazzaville","COG","Vitamin A, RAE",5518092,3126490.34113713,56.6589020468874
"Congo - Brazzaville","COG","Vitamin B-12",5518092,53998.681976616,0.978575238988694
"Congo - Brazzaville","COG","Zinc",5518092,4932720.52039794,89.3917774549235
"Congo - Kinshasa","COD","Calcium",89561225,89023293.9739088,99.3993706248533
"Congo - Kinshasa","COD","Iron",89561225,87429239.5132991,97.6195217442583
"Congo - Kinshasa","COD","Omega-3 fatty acids",31344186,27737588.3511847,88.4935673594608
"Congo - Kinshasa","COD","Vitamin A, RAE",89561225,80421893.7787286,89.7954374549126
"Congo - Kinshasa","COD","Vitamin B-12",89561225,72579741.2622603,81.0392457922057
"Congo - Kinshasa","COD","Zinc",89561225,88476109.6908998,98.7884094828982
"Costa Rica","CRI","Calcium",5093482,3420604.96557448,67.1565142583106
"Costa Rica","CRI","Iron",5093482,890384.149885565,17.4808539597385
"Costa Rica","CRI","Omega-3 fatty acids",3268816,2124840.2766171,65.0033613582746
"Costa Rica","CRI","Vitamin A, RAE",5093482,1651792.40985938,32.4295326823455
"Costa Rica","CRI","Vitamin B-12",5093482,818.798295955111,0.0160754135570738
"Costa Rica","CRI","Zinc",5093482,630474.839850081,12.3780714224588
"Côte d’Ivoire","CIV","Calcium",26378272,26266626.814635,99.5767532256663
"Côte d’Ivoire","CIV","Iron",26378272,15354925.5842312,58.2105059202939
"Côte d’Ivoire","CIV","Omega-3 fatty acids",9984647,6362578.88005817,63.7236236800176
"Côte d’Ivoire","CIV","Vitamin A, RAE",26378272,8388157.02497016,31.7994940114734
"Côte d’Ivoire","CIV","Vitamin B-12",26378272,17660.1673836075,0.0669496750340867
"Côte d’Ivoire","CIV","Zinc",26378272,17040104.4518819,64.5990171451789
"Croatia","HRV","Calcium",4105032,2557299.52532671,62.296701349142
"Croatia","HRV","Iron",4105032,157874.392345483,3.84587482741872
"Croatia","HRV","Omega-3 fatty acids",3075019,2361877.68948671,76.808555962962
"Croatia","HRV","Vitamin A, RAE",4105032,1463909.45783427,35.6613409550588
"Croatia","HRV","Vitamin B-12",4105032,260845.238132,6.35428026217579
"Croatia","HRV","Zinc",4105032,2229.94022863049,0.0543221156042265
"Cuba","CUB","Calcium",11323473,8730195.667849,77.0982159612073
"Cuba","CUB","Iron",11323473,2802.01079763085,0.0247451536964927
"Cuba","CUB","Omega-3 fatty acids",8176097,7212648.90652404,88.2162834727137
"Cuba","CUB","Vitamin A, RAE",11323473,15144.7779749918,0.133746757509748
"Cuba","CUB","Vitamin B-12",11323473,500333.408568818,4.4185508153622
"Cuba","CUB","Zinc",11323473,0.78035012103159,6.89143799814412e-06
"Cyprus","CYP","Calcium",1207262,712478.787541039,59.016086610946
"Cyprus","CYP","Iron",1207262,55297.3319224463,4.580391988023
"Cyprus","CYP","Omega-3 fatty acids",839750,644972.032010777,76.8052434666004
"Cyprus","CYP","Vitamin A, RAE",1207262,417377.104809279,34.5722059345262
"Cyprus","CYP","Vitamin B-12",1207262,74130.8000743034,6.14040697663833
"Cyprus","CYP","Zinc",1207262,711.211490873811,0.0589111138157095
"Czechia","CZE","Calcium",10708595,6577904.25879755,61.4263986900013
"Czechia","CZE","Iron",10708595,439628.154947711,4.10537661521153
"Czechia","CZE","Omega-3 fatty acids",8062221,6159132.24192177,76.3949815059866
"Czechia","CZE","Vitamin A, RAE",10708595,3810926.77436042,35.5875516289525
"Czechia","CZE","Vitamin B-12",10708595,694597.598678752,6.48635604090688
"Czechia","CZE","Zinc",10708595,5430.31028212302,0.0507098296473349
"Denmark","DNK","Calcium",5790877,3513165.16568916,60.6672385838822
"Denmark","DNK","Iron",5790877,260872.862223078,4.50489385671769
"Denmark","DNK","Omega-3 fatty acids",4134954,3171904.44623174,76.7095461335662
"Denmark","DNK","Vitamin A, RAE",5790877,2053512.16885073,35.4611601809317
"Denmark","DNK","Vitamin B-12",5790877,360238.953288331,6.22080132747305
"Denmark","DNK","Zinc",5790877,3410.31819137902,0.0588912213362331
"Djibouti","DJI","Calcium",987998,952644.454766203,96.4216987044714
"Djibouti","DJI","Iron",987998,124930.672636468,12.6448305195423
"Djibouti","DJI","Omega-3 fatty acids",521360,451534.817653754,86.6071078820304
"Djibouti","DJI","Vitamin A, RAE",987998,633092.350839923,64.0783028750992
"Djibouti","DJI","Vitamin B-12",987998,135358.236560968,13.7002541058756
"Djibouti","DJI","Zinc",987998,250363.474303633,25.3404839183513
"Dominica","DMA","Calcium",0,0,NA
"Dominica","DMA","Iron",0,0,NA
"Dominica","DMA","Omega-3 fatty acids",0,0,NA
"Dominica","DMA","Vitamin A, RAE",0,0,NA
"Dominica","DMA","Vitamin B-12",0,0,NA
"Dominica","DMA","Zinc",0,0,NA
"Dominican Republic","DOM","Calcium",10845505,8264541.24957903,76.2024566820911
"Dominican Republic","DOM","Iron",10845505,1999460.25667197,18.4358428369354
"Dominican Republic","DOM","Omega-3 fatty acids",5970719,5206823.28002232,87.2059676568655
"Dominican Republic","DOM","Vitamin A, RAE",10845505,2671.24357294223,0.0246299602733319
"Dominican Republic","DOM","Vitamin B-12",10845505,24646.8580143669,0.227254129838738
"Dominican Republic","DOM","Zinc",10845505,1704623.63326849,15.7173283610905
"Ecuador","ECU","Calcium",17640551,17315712.0006125,98.1585665924638
"Ecuador","ECU","Iron",17640551,3447026.94184344,19.5403586987926
"Ecuador","ECU","Omega-3 fatty acids",9680302,8272767.52994942,85.4598082781861
"Ecuador","ECU","Vitamin A, RAE",17640551,2072297.57901027,11.7473517636171
"Ecuador","ECU","Vitamin B-12",17640551,0.0665618361990852,3.77322886337764e-07
"Ecuador","ECU","Zinc",17640551,349540.202194538,1.98145852810685
"Egypt","EGY","Calcium",102333436,86318953.7070147,84.3506844693602
"Egypt","EGY","Iron",102333436,519585.284231376,0.507737553375396
"Egypt","EGY","Omega-3 fatty acids",50502870,14350755.8390429,28.4157233817463
"Egypt","EGY","Vitamin A, RAE",102333436,2366673.99149392,2.31270842063187
"Egypt","EGY","Vitamin B-12",102333436,4.062952284601e-05,3.97030769552289e-11
"Egypt","EGY","Zinc",102333436,119297.841183614,0.116577578010391
"El Salvador","SLV","Calcium",6485966,5148806.38356303,79.3838016351463
"El Salvador","SLV","Iron",6485966,767834.900433899,11.8384046483423
"El Salvador","SLV","Omega-3 fatty acids",3540236,3117893.3019166,88.07021062767
"El Salvador","SLV","Vitamin A, RAE",6485966,3050724.10001958,47.0357707706081
"El Salvador","SLV","Vitamin B-12",6485966,1560953.2122699,24.0666265020492
"El Salvador","SLV","Zinc",6485966,620059.698326847,9.56002079454082
"Equatorial Guinea","GNQ","Calcium",1402985,1392141.72902333,99.2271285169355
"Equatorial Guinea","GNQ","Iron",1402985,1306464.37586175,93.1203381263338
"Equatorial Guinea","GNQ","Omega-3 fatty acids",627833,555054.746495363,88.4080235501102
"Equatorial Guinea","GNQ","Vitamin A, RAE",1402985,1247643.15036789,88.9277611925921
"Equatorial Guinea","GNQ","Vitamin B-12",1402985,1156023.40646507,82.3974173968407
"Equatorial Guinea","GNQ","Zinc",1402985,1306538.88163054,93.1256486441797
"Eritrea","ERI","Calcium",3546399,3523089.22695865,99.3427199522291
"Eritrea","ERI","Iron",3546399,3303130.12638941,93.1403975240633
"Eritrea","ERI","Omega-3 fatty acids",1428757,1264812.86376301,88.5254010138193
"Eritrea","ERI","Vitamin A, RAE",3546399,3185483.64842111,89.8230472211702
"Eritrea","ERI","Vitamin B-12",3546399,2911447.76897371,82.0958885047541
"Eritrea","ERI","Zinc",3546399,3303501.33358901,93.150864682429
"Estonia","EST","Calcium",1326401,815604.988945025,61.490076450864
"Estonia","EST","Iron",1326401,53863.4046691454,4.06086882241082
"Estonia","EST","Omega-3 fatty acids",987244,758719.249537711,76.8522522839046
"Estonia","EST","Vitamin A, RAE",1326401,463410.886692077,34.9374651174175
"Estonia","EST","Vitamin B-12",1326401,85754.1791277654,6.46517750874474
"Estonia","EST","Zinc",1326401,692.383934280522,0.0522001969450055
"Eswatini","SWZ","Calcium",1160161,1131943.15288711,97.567764550533
"Eswatini","SWZ","Iron",1160161,570171.825412548,49.1459224549479
"Eswatini","SWZ","Omega-3 fatty acids",483706,428034.515953606,88.4906360379251
"Eswatini","SWZ","Vitamin A, RAE",1160161,383845.007569249,33.0854948209127
"Eswatini","SWZ","Vitamin B-12",1160161,4628.8510094562,0.398983503966794
"Eswatini","SWZ","Zinc",1160161,781313.20787234,67.345239830708
"Ethiopia","ETH","Calcium",114963139,112457392.914285,97.8203917294616
"Ethiopia","ETH","Iron",114963139,45763607.4868797,39.8072007122906
"Ethiopia","ETH","Omega-3 fatty acids",44349741,38832438.2653831,87.559560416335
"Ethiopia","ETH","Vitamin A, RAE",114963139,41606719.4209332,36.1913564494209
"Ethiopia","ETH","Vitamin B-12",114963139,37192697.8861859,32.3518461740906
"Ethiopia","ETH","Zinc",114963139,15673201.5599565,13.6332407902993
"Fiji","FJI","Calcium",896442,854221.481882644,95.2902119582354
"Fiji","FJI","Iron",896442,30721.4587943977,3.42704366756552
"Fiji","FJI","Omega-3 fatty acids",489284,230284.030651631,47.0655142313321
"Fiji","FJI","Vitamin A, RAE",896442,15471.8271643279,1.72591502454458
"Fiji","FJI","Vitamin B-12",896442,7.40106835486754,0.000825604819371197
"Fiji","FJI","Zinc",896442,135375.190315071,15.1013886358594
"Finland","FIN","Calcium",5539743,3394900.96181365,61.2826436499609
"Finland","FIN","Iron",5539743,245256.078865162,4.42721041147869
"Finland","FIN","Omega-3 fatty acids",4051151,3108249.04286654,76.7250848676472
"Finland","FIN","Vitamin A, RAE",5539743,1959781.13510827,35.3767518657142
"Finland","FIN","Vitamin B-12",5539743,343528.569916876,6.20116438464522
"Finland","FIN","Zinc",5539743,3049.05825513326,0.0550397059057299
"France","FRA","Calcium",65254069,39838281.0320644,61.0510296791828
"France","FRA","Iron",65254069,2884568.97738651,4.42051970335599
"France","FRA","Omega-3 fatty acids",46146099,35442730.7815457,76.805475543113
"France","FRA","Vitamin A, RAE",65254069,22802860.5463903,34.9447335558343
"France","FRA","Vitamin B-12",65254069,4119859.82691487,6.31356770550948
"France","FRA","Zinc",65254069,41423.0691507017,0.0634796722802094
"Gabon","GAB","Calcium",2225728,2143783.99173976,96.3183278342977
"Gabon","GAB","Iron",2225728,198587.586453737,8.92236546665796
"Gabon","GAB","Omega-3 fatty acids",1023545,411119.523769168,40.166238296232
"Gabon","GAB","Vitamin A, RAE",2225728,219384.711246645,9.85676197840191
"Gabon","GAB","Vitamin B-12",2225728,3.29676331658902e-08,1.48120674071091e-12
"Gabon","GAB","Zinc",2225728,168858.70363748,7.58667292847466
"Gambia","GMB","Calcium",2416664,2394200.025179,99.0704551885988
"Gambia","GMB","Iron",2416664,23.6422165577549,0.000978299695686075
"Gambia","GMB","Omega-3 fatty acids",869314,509922.58813818,58.6580439447863
"Gambia","GMB","Vitamin A, RAE",2416664,2063818.76485392,85.3994914002905
"Gambia","GMB","Vitamin B-12",2416664,1059310.87453821,43.8336017972794
"Gambia","GMB","Zinc",2416664,1097.31785858271,0.0454063063207258
"Georgia","GEO","Calcium",3989053,3109400.28954612,77.9483323371768
"Georgia","GEO","Iron",3989053,111181.797256264,2.78717272636549
"Georgia","GEO","Omega-3 fatty acids",2731420,2255285.29230529,82.568235288066
"Georgia","GEO","Vitamin A, RAE",3989053,1819899.54716564,45.6223456335537
"Georgia","GEO","Vitamin B-12",3989053,112808.161259078,2.82794340559222
"Georgia","GEO","Zinc",3989053,570967.786594777,14.313366771381
"Germany","DEU","Calcium",83764650,51893265.8268074,61.9512716006184
"Germany","DEU","Iron",83764650,2925800.75622144,3.49288244649914
"Germany","DEU","Omega-3 fatty acids",63399694,48814442.6521232,76.9947606562946
"Germany","DEU","Vitamin A, RAE",83764650,30252506.5866232,36.1160783058524
"Germany","DEU","Vitamin B-12",83764650,5365220.66402649,6.4051132118698
"Germany","DEU","Zinc",83764650,42340.572998054,0.0505470660929808
"Ghana","GHA","Calcium",31072930,30683464.0141638,98.7466068187447
"Ghana","GHA","Iron",31072930,575678.071376213,1.85266748702556
"Ghana","GHA","Omega-3 fatty acids",13538002,6426150.64495284,47.4674966435434
"Ghana","GHA","Vitamin A, RAE",31072930,5961760.47496204,19.1863479722126
"Ghana","GHA","Vitamin B-12",31072930,4877457.01863288,15.6968043201362
"Ghana","GHA","Zinc",31072930,269900.456846569,0.868603175968824
"Greece","GRC","Calcium",10420375,6481798.45596332,62.2031208662195
"Greece","GRC","Iron",10420375,380870.999295699,3.65506039173925
"Greece","GRC","Omega-3 fatty acids",7940977,6089517.47468267,76.684738851185
"Greece","GRC","Vitamin A, RAE",10420375,3706438.84864862,35.5691503295094
"Greece","GRC","Vitamin B-12",10420375,652016.200323841,6.25712798554602
"Greece","GRC","Zinc",10420375,4903.84915734968,0.0470601984798981
"Grenada","GRD","Calcium",112516,92635.8874732701,82.3313017466584
"Grenada","GRD","Iron",112516,25466.7720411658,22.6339116580449
"Grenada","GRD","Omega-3 fatty acids",69549,49608.5724986108,71.3289515285782
"Grenada","GRD","Vitamin A, RAE",112516,60273.7678512123,53.5690638231116
"Grenada","GRD","Vitamin B-12",112516,26821.5775896063,23.8380120068313
"Grenada","GRD","Zinc",112516,32671.3868646567,29.0371030472615
"Guatemala","GTM","Calcium",17915103,15194774.1221054,84.8154438302998
"Guatemala","GTM","Iron",17915103,2361421.58360641,13.1811778230156
"Guatemala","GTM","Omega-3 fatty acids",8193536,7340699.27586238,89.591347079727
"Guatemala","GTM","Vitamin A, RAE",17915103,10705562.2171923,59.7571904397775
"Guatemala","GTM","Vitamin B-12",17915103,3137337.25368725,17.51224792672
"Guatemala","GTM","Zinc",17915103,1928266.41487579,10.7633565649932
"Guinea","GIN","Calcium",13132788,13083898.1836978,99.627727057635
"Guinea","GIN","Iron",13132788,8813510.53822136,67.110734889053
"Guinea","GIN","Omega-3 fatty acids",4662685,3567249.60294779,76.5063392218815
"Guinea","GIN","Vitamin A, RAE",13132788,4540888.80556602,34.5767311980215
"Guinea","GIN","Vitamin B-12",13132788,1294290.7972285,9.85541529512622
"Guinea","GIN","Zinc",13132788,7479467.57213836,56.9526255364692
"Guinea-Bissau","GNB","Calcium",1967998,1965928.49599851,99.8948421694795
"Guinea-Bissau","GNB","Iron",1967998,666479.151098601,33.865844939812
"Guinea-Bissau","GNB","Omega-3 fatty acids",754629,647937.541952909,85.8617336403596
"Guinea-Bissau","GNB","Vitamin A, RAE",1967998,1655268.66169301,84.1092654409713
"Guinea-Bissau","GNB","Vitamin B-12",1967998,1215597.27899243,61.7682171929255
"Guinea-Bissau","GNB","Zinc",1967998,1101332.57492341,55.962077955537
"Guyana","GUY","Calcium",786429,363276.643043296,46.1931901091257
"Guyana","GUY","Iron",786429,34589.2076340029,4.39826197075678
"Guyana","GUY","Omega-3 fatty acids",416055,224108.973307625,53.8652277481644
"Guyana","GUY","Vitamin A, RAE",786429,0.00188098116452858,2.39180035900073e-07
"Guyana","GUY","Vitamin B-12",786429,1133.97721587001,0.144193209542121
"Guyana","GUY","Zinc",786429,84.5537169683048,0.0107516021113546
"Haiti","HTI","Calcium",11402204,10187767.6458248,89.3491086970972
"Haiti","HTI","Iron",11402204,3689114.43444055,32.354397750124
"Haiti","HTI","Omega-3 fatty acids",5489698,4858025.54047108,88.4934934575833
"Haiti","HTI","Vitamin A, RAE",11402204,1845640.11607194,16.1866961516557
"Haiti","HTI","Vitamin B-12",11402204,6238423.56915942,54.7124360269244
"Haiti","HTI","Zinc",11402204,4314833.76939302,37.8421028898713
"Honduras","HND","Calcium",9904117,8392316.39724303,84.7356346582237
"Honduras","HND","Iron",9904117,2899427.19140578,29.274969100282
"Honduras","HND","Omega-3 fatty acids",4818756,4316169.16719664,89.5701954445636
"Honduras","HND","Vitamin A, RAE",9904117,5783915.43681139,58.3991024824463
"Honduras","HND","Vitamin B-12",9904117,2362850.09329114,23.8572514166699
"Honduras","HND","Zinc",9904117,2061852.44057577,20.8181349288964
"Hong Kong SAR China","HKG","Calcium",7493427,4414739.55401308,58.9148270078974
"Hong Kong SAR China","HKG","Iron",7493427,123010.88184023,1.64158377522367
"Hong Kong SAR China","HKG","Omega-3 fatty acids",5902227,99090.8466439817,1.67887217221536
"Hong Kong SAR China","HKG","Vitamin A, RAE",7493427,0,0
"Hong Kong SAR China","HKG","Vitamin B-12",7493427,0,0
"Hong Kong SAR China","HKG","Zinc",7493427,719.241063522561,0.0095982927907693
"Hungary","HUN","Calcium",9659732,5963665.15963447,61.7373769752046
"Hungary","HUN","Iron",9659732,389889.348280187,4.03623359613069
"Hungary","HUN","Omega-3 fatty acids",7264016,5560365.98786882,76.5467199944056
"Hungary","HUN","Vitamin A, RAE",9659732,3423153.15826675,35.4373512460464
"Hungary","HUN","Vitamin B-12",9659732,622390.657518136,6.44314622308502
"Hungary","HUN","Zinc",9659732,4919.02726761376,0.0509230200963521
"Iceland","ISL","Calcium",341199,26414.0794651824,7.74154656525442
"Iceland","ISL","Iron",341199,263.81008254329,0.0773185391936349
"Iceland","ISL","Omega-3 fatty acids",231182,347.97333223399,0.150519215265025
"Iceland","ISL","Vitamin A, RAE",341199,4114.16701874118,1.20579691580022
"Iceland","ISL","Vitamin B-12",341199,1.71194926874421e-11,5.01745101464015e-15
"Iceland","ISL","Zinc",341199,0,0
"India","IND","Calcium",1379956437,1282369985.55724,92.9282947761084
"India","IND","Iron",1379956437,373293345.543221,27.0510963632123
"India","IND","Omega-3 fatty acids",770388507,541440847.682893,70.2815323389674
"India","IND","Vitamin A, RAE",1379956437,983772315.370009,71.2900993823191
"India","IND","Vitamin B-12",1379956437,794832133.507451,57.5983496432251
"India","IND","Zinc",1379956437,407400912.359205,29.5227371992182
"Indonesia","IDN","Calcium",273522058,266835426.448861,97.5553593008067
"Indonesia","IDN","Iron",273522058,65086070.2445738,23.7955471381302
"Indonesia","IDN","Omega-3 fatty acids",156609338,19055455.5514627,12.1675091631271
"Indonesia","IDN","Vitamin A, RAE",273522058,157654630.771523,57.6387264428682
"Indonesia","IDN","Vitamin B-12",273522058,38933548.2027844,14.2341529920722
"Indonesia","IDN","Zinc",273522058,43708749.2527912,15.9799723548406
"Iran","IRN","Calcium",83992435,78090148.0204406,92.972835018345
"Iran","IRN","Iron",83992435,5506423.22210978,6.55585615789062
"Iran","IRN","Omega-3 fatty acids",52122423,29639739.7351931,56.8656214144019
"Iran","IRN","Vitamin A, RAE",83992435,28410229.1929162,33.8247476608056
"Iran","IRN","Vitamin B-12",83992435,1134170.18175402,1.35032420688128
"Iran","IRN","Zinc",83992435,21229689.0576616,25.2757156732765
"Iraq","IRQ","Calcium",40222336,37176805.8511153,92.4282613797352
"Iraq","IRQ","Iron",40222336,2702419.99484104,6.71870473868309
"Iraq","IRQ","Omega-3 fatty acids",17101478,14904387.6788024,87.1526290230727
"Iraq","IRQ","Vitamin A, RAE",40222336,31856468.0606188,79.2009396486043
"Iraq","IRQ","Vitamin B-12",40222336,21801339.8761217,54.2020728883617
"Iraq","IRQ","Zinc",40222336,19170608.1155693,47.661598062254
"Ireland","IRL","Calcium",4937156,2896833.73234659,58.674138154569
"Ireland","IRL","Iron",4937156,244975.34458806,4.96187166433591
"Ireland","IRL","Omega-3 fatty acids",3306782,2531260.39785979,76.547543740706
"Ireland","IRL","Vitamin A, RAE",4937156,1692043.1765899,34.2716166268576
"Ireland","IRL","Vitamin B-12",4937156,309832.760783484,6.27553111109887
"Ireland","IRL","Zinc",4937156,3882.88880649536,0.078646265309327
"Israel","ISR","Calcium",8654293,3320400.19878263,38.3670878578138
"Israel","ISR","Iron",8654293,7941.60805007829,0.0917649546887111
"Israel","ISR","Omega-3 fatty acids",4954161,1374118.95828365,27.7366633479141
"Israel","ISR","Vitamin A, RAE",8654293,67298.6265896255,0.77763286486401
"Israel","ISR","Vitamin B-12",8654293,5.64018804423879e-14,6.51721410892697e-19
"Israel","ISR","Zinc",8654293,7.91936348295841e-05,9.1507919629696e-10
"Italy","ITA","Calcium",60445311,37892360.3270011,62.6886679878296
"Italy","ITA","Iron",60445311,2252531.9645391,3.72656195703767
"Italy","ITA","Omega-3 fatty acids",46774362,35891117.6157467,76.7324578702895
"Italy","ITA","Vitamin A, RAE",60445311,21695447.4101747,35.8926888641118
"Italy","ITA","Vitamin B-12",60445311,3813435.73126621,6.30890249082549
"Italy","ITA","Zinc",60445311,28471.5204486175,0.047102943102762
"Jamaica","JAM","Calcium",2960947,2285330.61197779,77.1824221094735
"Jamaica","JAM","Iron",2960947,125862.516749142,4.25075209887723
"Jamaica","JAM","Omega-3 fatty acids",1768388,1039967.26744105,58.8087720252033
"Jamaica","JAM","Vitamin A, RAE",2960947,2.84671707732381e-12,9.61421152531204e-17
"Jamaica","JAM","Vitamin B-12",2960947,5236.93926911641,0.176867038454806
"Jamaica","JAM","Zinc",2960947,521081.112672329,17.5984613257964
"Japan","JPN","Calcium",126397822,115594587.04294,91.4529896274163
"Japan","JPN","Iron",126397822,15952524.8839579,12.6208858914973
"Japan","JPN","Omega-3 fatty acids",98953805,6548967.84480008,6.61820719759092
"Japan","JPN","Vitamin A, RAE",126397822,42527982.9004968,33.6461358491579
"Japan","JPN","Vitamin B-12",126397822,34.2492540242395,2.70963957149827e-05
"Japan","JPN","Zinc",126397822,4327438.92202514,3.42366573533612
"Jordan","JOR","Calcium",10203112,8860561.86061055,86.8417582852227
"Jordan","JOR","Iron",10203112,844794.236194142,8.27977029159478
"Jordan","JOR","Omega-3 fatty acids",4870545,4243758.77378268,87.1310864345299
"Jordan","JOR","Vitamin A, RAE",10203112,5433178.60843279,53.2502104106354
"Jordan","JOR","Vitamin B-12",10203112,2347946.83977211,23.0120657283004
"Jordan","JOR","Zinc",10203112,3288192.67985761,32.2273506343713
"Kazakhstan","KAZ","Calcium",18776483,3896659.54202515,20.7528723138681
"Kazakhstan","KAZ","Iron",18776483,2753705.72406703,14.6657162795984
"Kazakhstan","KAZ","Omega-3 fatty acids",11087504,9595064.76238143,86.5394480343045
"Kazakhstan","KAZ","Vitamin A, RAE",18776483,4.82418840918471e-13,2.56927157720896e-18
"Kazakhstan","KAZ","Vitamin B-12",18776483,0,0
"Kazakhstan","KAZ","Zinc",18776483,808682.841113123,4.30689198351535
"Kenya","KEN","Calcium",53771291,49376753.5011965,91.8273535615808
"Kenya","KEN","Iron",53771291,11775605.7503137,21.8994291030016
"Kenya","KEN","Omega-3 fatty acids",21773909,17735470.5610428,81.4528551627676
"Kenya","KEN","Vitamin A, RAE",53771291,15528561.3720858,28.8789074677151
"Kenya","KEN","Vitamin B-12",53771291,1270797.67743754,2.36333860281974
"Kenya","KEN","Zinc",53771291,3733197.11347548,6.94273290458189
"Kiribati","KIR","Calcium",119444,107462.696196112,89.9691036771308
"Kiribati","KIR","Iron",119444,52950.7898159636,44.3310587521882
"Kiribati","KIR","Omega-3 fatty acids",55452,10286.2236603791,18.5497793774419
"Kiribati","KIR","Vitamin A, RAE",119444,77635.4645009455,64.9973749212564
"Kiribati","KIR","Vitamin B-12",119444,30367.1197123584,25.4237297079455
"Kiribati","KIR","Zinc",119444,51985.6433570254,43.5230261520256
"Kuwait","KWT","Calcium",4270563,2595152.98636656,60.76840422133
"Kuwait","KWT","Iron",4270563,16061.6033678919,0.376100372899121
"Kuwait","KWT","Omega-3 fatty acids",2921917,2131465.43210574,72.9475009764391
"Kuwait","KWT","Vitamin A, RAE",4270563,436740.538001546,10.2267672436057
"Kuwait","KWT","Vitamin B-12",4270563,231783.513193644,5.42746970817768
"Kuwait","KWT","Zinc",4270563,964.33959067715,0.022581088036335
"Kyrgyzstan","KGZ","Calcium",6524135,2372208.541682,36.3605066676579
"Kyrgyzstan","KGZ","Iron",6524135,836402.850143013,12.8201340122946
"Kyrgyzstan","KGZ","Omega-3 fatty acids",3379595,3252613.72891819,96.2427074521707
"Kyrgyzstan","KGZ","Vitamin A, RAE",6524135,541.383259420124,0.0082981615098419
"Kyrgyzstan","KGZ","Vitamin B-12",6524135,0.193450299204818,2.96514862437423e-06
"Kyrgyzstan","KGZ","Zinc",6524135,798479.125578028,12.2388504465041
"Laos","LAO","Calcium",7275536,6998988.58701679,96.1989410404511
"Laos","LAO","Iron",7275536,1722952.8218994,23.6814555229937
"Laos","LAO","Omega-3 fatty acids",3550544,652780.918247718,18.3853775153249
"Laos","LAO","Vitamin A, RAE",7275536,3033026.4692674,41.6880140414039
"Laos","LAO","Vitamin B-12",7275536,439746.360053137,6.044178189114
"Laos","LAO","Zinc",7275536,201635.393351892,2.77141633759894
"Latvia","LVA","Calcium",1885643,1176486.28923465,62.3917830275746
"Latvia","LVA","Iron",1885643,74840.8495293865,3.96898296917213
"Latvia","LVA","Omega-3 fatty acids",1419619,1093679.453982,77.040350543491
"Latvia","LVA","Vitamin A, RAE",1885643,668317.579120134,35.4424235722316
"Latvia","LVA","Vitamin B-12",1885643,127891.542606782,6.78238365410536
"Latvia","LVA","Zinc",1885643,916.326228331512,0.0485948945973078
"Lebanon","LBN","Calcium",6825292,5495327.88978904,80.5141800495721
"Lebanon","LBN","Iron",6825292,153153.230942711,2.24390738070563
"Lebanon","LBN","Omega-3 fatty acids",3944966,3252601.0252147,82.4494057797888
"Lebanon","LBN","Vitamin A, RAE",6825292,3629135.33031786,53.1718691349448
"Lebanon","LBN","Vitamin B-12",6825292,1326800.23316795,19.4394647608915
"Lebanon","LBN","Zinc",6825292,1233034.1292482,18.0656612090472
"Lesotho","LSO","Calcium",2142241,2104200.43268858,98.2242629418715
"Lesotho","LSO","Iron",2142241,249165.375477198,11.6310618402504
"Lesotho","LSO","Omega-3 fatty acids",1030749,893075.568824773,86.6433601996968
"Lesotho","LSO","Vitamin A, RAE",2142241,1261018.84633808,58.8644716601949
"Lesotho","LSO","Vitamin B-12",2142241,187410.146306731,8.74832226190849
"Lesotho","LSO","Zinc",2142241,39898.6045518208,1.86247040140772
"Liberia","LBR","Calcium",5057677,5054715.25829874,99.9414406712555
"Liberia","LBR","Iron",5057677,2045451.43834088,40.442508257069
"Liberia","LBR","Omega-3 fatty acids",2000764,1646183.70828831,82.2777553118866
"Liberia","LBR","Vitamin A, RAE",5057677,3575725.34669914,70.6989660806559
"Liberia","LBR","Vitamin B-12",5057677,2345472.13809369,46.3744944189534
"Liberia","LBR","Zinc",5057677,1311841.00802309,25.937619346255
"Libya","LBY","Calcium",6871254,6618107.19429343,96.3158572553632
"Libya","LBY","Iron",6871254,6576296.7829296,95.707374271561
"Libya","LBY","Omega-3 fatty acids",3857908,3614105.01153845,93.6804353949978
"Libya","LBY","Vitamin A, RAE",6871254,6296859.36313364,91.640614116923
"Libya","LBY","Vitamin B-12",6871254,5631526.52123786,81.9577695896245
"Libya","LBY","Zinc",6871254,6432192.01027965,93.6101621375028
"Lithuania","LTU","Calcium",2721720,1689972.38306552,62.0920735073969
"Lithuania","LTU","Iron",2721720,104912.120431965,3.85462576723414
"Lithuania","LTU","Omega-3 fatty acids",2044559,1576670.91163008,77.1154518715322
"Lithuania","LTU","Vitamin A, RAE",2721720,968744.346007052,35.5930935587442
"Lithuania","LTU","Vitamin B-12",2721720,179739.515668197,6.60389443690743
"Lithuania","LTU","Zinc",2721720,1628.45945238834,0.0598319978685663
"Luxembourg","LUX","Calcium",625913,373081.97099339,59.6060428515448
"Luxembourg","LUX","Iron",625913,28347.5600375371,4.52899365207898
"Luxembourg","LUX","Omega-3 fatty acids",454271,349029.483236329,76.832878003731
"Luxembourg","LUX","Vitamin A, RAE",625913,219588.700297083,35.0829428845675
"Luxembourg","LUX","Vitamin B-12",625913,39470.1805418332,6.30601705697649
"Luxembourg","LUX","Zinc",625913,340.908614562564,0.0544658146679432
"Macao SAR China","MAC","Calcium",649264,561872.451254577,86.5399053781785
"Macao SAR China","MAC","Iron",649264,31966.4508456827,4.92349042079688
"Macao SAR China","MAC","Omega-3 fatty acids",497588,7570.92662116221,1.52152516161206
"Macao SAR China","MAC","Vitamin A, RAE",649264,0.408473396098624,6.29132981496932e-05
"Macao SAR China","MAC","Vitamin B-12",649264,0,0
"Macao SAR China","MAC","Zinc",649264,2290.08991573643,0.352720914102188
"Madagascar","MDG","Calcium",27690891,27196151.4547125,98.2133491288255
"Madagascar","MDG","Iron",27690891,14189180.3816839,51.2413283548149
"Madagascar","MDG","Omega-3 fatty acids",10909282,9047173.61073215,82.9309720908502
"Madagascar","MDG","Vitamin A, RAE",27690891,11877257.5952907,42.8922911700122
"Madagascar","MDG","Vitamin B-12",27690891,3896572.27529699,14.0716753220292
"Madagascar","MDG","Zinc",27690891,4269262.44992311,15.4175698063421
"Malawi","MWI","Calcium",19129950,18614948.1833747,97.3078768286103
"Malawi","MWI","Iron",19129950,2301503.89962402,12.0308934399934
"Malawi","MWI","Omega-3 fatty acids",6890661,4373697.41974461,63.472828219885
"Malawi","MWI","Vitamin A, RAE",19129950,7.06735240964103,3.69439146973256e-05
"Malawi","MWI","Vitamin B-12",19129950,6289885.27444744,32.8797789562829
"Malawi","MWI","Zinc",19129950,182138.501288704,0.952111747750014
"Malaysia","MYS","Calcium",32364903,31050880.0058986,95.9399754910391
"Malaysia","MYS","Iron",32364903,3164576.44840479,9.77780297504612
"Malaysia","MYS","Omega-3 fatty acids",19242888,3511830.90075673,18.2500199593571
"Malaysia","MYS","Vitamin A, RAE",32364903,11408788.4883659,35.2504949215077
"Malaysia","MYS","Vitamin B-12",32364903,7152.74768950277,0.0221003217266023
"Malaysia","MYS","Zinc",32364903,4408810.7421057,13.6221966804773
"Maldives","MDV","Calcium",540531,451369.422710261,83.5048170614194
"Maldives","MDV","Iron",540531,122947.922758691,22.7457671731485
"Maldives","MDV","Omega-3 fatty acids",357219,1067.67452182064,0.298885143797121
"Maldives","MDV","Vitamin A, RAE",540531,271594.16093395,50.2458066112675
"Maldives","MDV","Vitamin B-12",540531,18.7559191736677,0.00346990629097456
"Maldives","MDV","Zinc",540531,156128.234473848,28.8842331843776
"Mali","MLI","Calcium",20250827,15623248.7654214,77.1486950405602
"Mali","MLI","Iron",20250827,4870245.9841487,24.0496152781746
"Mali","MLI","Omega-3 fatty acids",6705073,4738423.37166632,70.6692286820192
"Mali","MLI","Vitamin A, RAE",20250827,3015215.85053309,14.8893467438791
"Mali","MLI","Vitamin B-12",20250827,8287.79378559105,0.0409257053333726
"Mali","MLI","Zinc",20250827,1930348.61230918,9.53219644960268
"Malta","MLT","Calcium",441461,269301.294168406,61.0022842716359
"Malta","MLT","Iron",441461,16874.5627019363,3.822435662932
"Malta","MLT","Omega-3 fatty acids",332382,254572.192988861,76.5902464600554
"Malta","MLT","Vitamin A, RAE",441461,156695.811296631,35.494825431155
"Malta","MLT","Vitamin B-12",441461,28015.8283969259,6.34616158549134
"Malta","MLT","Zinc",441461,239.686247173643,0.0542938667682181
"Marshall Islands","MHL","Calcium",0,0,NA
"Marshall Islands","MHL","Iron",0,0,NA
"Marshall Islands","MHL","Omega-3 fatty acids",0,0,NA
"Marshall Islands","MHL","Vitamin A, RAE",0,0,NA
"Marshall Islands","MHL","Vitamin B-12",0,0,NA
"Marshall Islands","MHL","Zinc",0,0,NA
"Mauritania","MRT","Calcium",4649651,4006243.70387902,86.1622453788255
"Mauritania","MRT","Iron",4649651,3814.53683956168,0.0820392076644394
"Mauritania","MRT","Omega-3 fatty acids",1918141,1464316.67844584,76.3404086793328
"Mauritania","MRT","Vitamin A, RAE",4649651,2036630.92991096,43.801802111835
"Mauritania","MRT","Vitamin B-12",4649651,325.945478375819,0.00701010631498619
"Mauritania","MRT","Zinc",4649651,10111.0864066543,0.217459039541986
"Mauritius","MUS","Calcium",1271648,1061195.04091,83.4503762762963
"Mauritius","MUS","Iron",1271648,3674.6373168096,0.288966547095549
"Mauritius","MUS","Omega-3 fatty acids",869487,568141.909005889,65.3421970663034
"Mauritius","MUS","Vitamin A, RAE",1271648,518063.705887729,40.7395526032148
"Mauritius","MUS","Vitamin B-12",1271648,19866.0404546922,1.56222794788276
"Mauritius","MUS","Zinc",1271648,15174.9843540565,1.19333214490618
"Mexico","MEX","Calcium",128919791,95113453.4624282,73.7772321260033
"Mexico","MEX","Iron",128919791,14340433.9482677,11.123531799914
"Mexico","MEX","Omega-3 fatty acids",73460256,58444706.5984988,79.5596282682418
"Mexico","MEX","Vitamin A, RAE",128919791,7144069.11695526,5.54148363221847
"Mexico","MEX","Vitamin B-12",128919791,0.0827022949346328,6.4150193149656e-08
"Mexico","MEX","Zinc",128919791,709952.760564169,0.550693384667501
"Micronesia (Federated States of)","FSM","Calcium",115021,114045.543022587,99.15193140608
"Micronesia (Federated States of)","FSM","Iron",115021,111693.096067082,97.1066988350667
"Micronesia (Federated States of)","FSM","Omega-3 fatty acids",56026,42738.0377094404,76.2825076026138
"Micronesia (Federated States of)","FSM","Vitamin A, RAE",115021,109944.383420154,95.586356769767
"Micronesia (Federated States of)","FSM","Vitamin B-12",115021,94455.0362699392,82.1198183548563
"Micronesia (Federated States of)","FSM","Zinc",115021,101017.277893184,87.8250735893309
"Moldova","MDA","Calcium",4033886,3335810.03210589,82.6947026293229
"Moldova","MDA","Iron",4033886,958063.070459744,23.7503754558196
"Moldova","MDA","Omega-3 fatty acids",2949424,2096686.98537592,71.0880153337033
"Moldova","MDA","Vitamin A, RAE",4033886,1915726.42582874,47.4908419779027
"Moldova","MDA","Vitamin B-12",4033886,1228378.15434448,30.451484110966
"Moldova","MDA","Zinc",4033886,456544.424304235,11.3177324372636
"Mongolia","MNG","Calcium",3278269,2148338.99103924,65.532724466456
"Mongolia","MNG","Iron",3278269,677877.857870733,20.677920508376
"Mongolia","MNG","Omega-3 fatty acids",1811852,1760081.06139803,97.1426508013914
"Mongolia","MNG","Vitamin A, RAE",3278269,4.09527917386029e-05,1.24921999197146e-09
"Mongolia","MNG","Vitamin B-12",3278269,0,0
"Mongolia","MNG","Zinc",3278269,145830.040700231,4.44838543451532
"Montenegro","MNE","Calcium",628050,56569.842470095,9.00721956374413
"Montenegro","MNE","Iron",628050,1479.60861837453,0.235587710910681
"Montenegro","MNE","Omega-3 fatty acids",434302,333543.90033079,76.799991787003
"Montenegro","MNE","Vitamin A, RAE",628050,9572.50357501699,1.52416265823055
"Montenegro","MNE","Vitamin B-12",628050,6.43141994906849e-06,1.02402992581299e-09
"Montenegro","MNE","Zinc",628050,2.33440691022958e-06,3.71691252325384e-10
"Morocco","MAR","Calcium",36910497,31195239.2069353,84.5159012812406
"Morocco","MAR","Iron",36910497,73638.9641475742,0.199506834458431
"Morocco","MAR","Omega-3 fatty acids",21186342,13745673.1902842,64.8798796426687
"Morocco","MAR","Vitamin A, RAE",36910497,7191535.6516596,19.4837139463595
"Morocco","MAR","Vitamin B-12",36910497,1392932.79945541,3.77381209322489
"Morocco","MAR","Zinc",36910497,601977.918937637,1.6309125258802
"Mozambique","MOZ","Calcium",31255425,30708032.0888808,98.2486467193481
"Mozambique","MOZ","Iron",31255425,23057834.4425373,73.7722633512016
"Mozambique","MOZ","Omega-3 fatty acids",11029628,7646682.93231716,69.3285660433622
"Mozambique","MOZ","Vitamin A, RAE",31255425,16600202.6557179,53.1114283543349
"Mozambique","MOZ","Vitamin B-12",31255425,18227094.6189288,58.3165790224538
"Mozambique","MOZ","Zinc",31255425,24502514.155669,78.394436024047
"Myanmar (Burma)","MMR","Calcium",54409575,51807805.6586719,95.2181774231317
"Myanmar (Burma)","MMR","Iron",54409575,12784341.8604144,23.496492777998
"Myanmar (Burma)","MMR","Omega-3 fatty acids",30712659,329121.035868575,1.07161361661514
"Myanmar (Burma)","MMR","Vitamin A, RAE",54409575,17380391.6570618,31.9436269389383
"Myanmar (Burma)","MMR","Vitamin B-12",54409575,23760.4125394657,0.0436695426116923
"Myanmar (Burma)","MMR","Zinc",54409575,3286421.8514004,6.04015350496747
"Namibia","NAM","Calcium",2540914,2445387.91926438,96.2404835135851
"Namibia","NAM","Iron",2540914,153795.818442864,6.05277543603852
"Namibia","NAM","Omega-3 fatty acids",1115643,892405.31698112,79.9902224081646
"Namibia","NAM","Vitamin A, RAE",2540914,1490105.19269634,58.6444559987602
"Namibia","NAM","Vitamin B-12",2540914,44327.3516174217,1.74454356256929
"Namibia","NAM","Zinc",2540914,272307.087966727,10.716895100217
"Nepal","NPL","Calcium",29136710,27420271.4774999,94.1090173787635
"Nepal","NPL","Iron",29136710,5588723.16258788,19.1810371266621
"Nepal","NPL","Omega-3 fatty acids",14332073,12894477.7989945,89.9693840451026
"Nepal","NPL","Vitamin A, RAE",29136710,19930890.3596106,68.4047387629235
"Nepal","NPL","Vitamin B-12",29136710,1780262.94215447,6.11003418764325
"Nepal","NPL","Zinc",29136710,1966409.70862891,6.74890785071105
"Netherlands","NLD","Calcium",17131910,10496619.0250505,61.2694032658967
"Netherlands","NLD","Iron",17131910,660079.537345501,3.85292438114314
"Netherlands","NLD","Omega-3 fatty acids",12404708,9525187.29746598,76.7868723509331
"Netherlands","NLD","Vitamin A, RAE",17131910,6098710.40971288,35.5985433598056
"Netherlands","NLD","Vitamin B-12",17131910,1065095.06552678,6.21702463722249
"Netherlands","NLD","Zinc",17131910,10174.6325505735,0.05938994864305
"New Zealand","NZL","Calcium",4821541,4050162.1101937,84.0014034972159
"New Zealand","NZL","Iron",4821541,99161.3822012702,2.05663256210556
"New Zealand","NZL","Omega-3 fatty acids",3256827,1780340.1932842,54.6648683913577
"New Zealand","NZL","Vitamin A, RAE",4821541,783.037605475767,0.0162404012633257
"New Zealand","NZL","Vitamin B-12",4821541,716.582678626612,0.0148621089943363
"New Zealand","NZL","Zinc",4821541,14602.9854513248,0.302869672814662
"Nicaragua","NIC","Calcium",6624140,5586901.12399651,84.341531489318
"Nicaragua","NIC","Iron",6624140,1828175.86836242,27.5986900693889
"Nicaragua","NIC","Omega-3 fatty acids",3482123,3082488.51912989,88.5232520255572
"Nicaragua","NIC","Vitamin A, RAE",6624140,2586730.87653744,39.0500635031481
"Nicaragua","NIC","Vitamin B-12",6624140,58326.5042885528,0.880514365465597
"Nicaragua","NIC","Zinc",6624140,1105308.20204413,16.6860634292773
"Niger","NER","Calcium",24206632,22619864.7846626,93.4449071009242
"Niger","NER","Iron",24206632,4471709.04529923,18.4730740125237
"Niger","NER","Omega-3 fatty acids",7460619,6238119.87363412,83.6139718920657
"Niger","NER","Vitamin A, RAE",24206632,8140467.7968428,33.629080645514
"Niger","NER","Vitamin B-12",24206632,2595500.22074993,10.7222690903465
"Niger","NER","Zinc",24206632,8846121.29692666,36.5442053108696
"Nigeria","NGA","Calcium",206139566,205259705.23152,99.5731722999361
"Nigeria","NGA","Iron",206139566,26718014.2436398,12.9611285994654
"Nigeria","NGA","Omega-3 fatty acids",76515352,57051069.4366967,74.5615983530949
"Nigeria","NGA","Vitamin A, RAE",206139566,131021172.017482,63.5594488529592
"Nigeria","NGA","Vitamin B-12",206139566,148943078.69476,72.2535132798134
"Nigeria","NGA","Zinc",206139566,16523084.476692,8.01548426501104
"North Korea","PRK","Calcium",25778548,25547803.3160227,99.104896505508
"North Korea","PRK","Iron",25778548,21813549.0285109,84.6189980464025
"North Korea","PRK","Omega-3 fatty acids",16846075,13285157.8710636,78.8620368309155
"North Korea","PRK","Vitamin A, RAE",25778548,23651431.1513828,91.7485001536268
"North Korea","PRK","Vitamin B-12",25778548,19452336.4683176,75.4593954179172
"North Korea","PRK","Zinc",25778548,22471153.7703791,87.1699747029161
"North Macedonia","MKD","Calcium",2083368,1167557.89907828,56.0418466194298
"North Macedonia","MKD","Iron",2083368,8750.51434098522,0.420017699272775
"North Macedonia","MKD","Omega-3 fatty acids",1492071,1401217.64158648,93.9109225758347
"North Macedonia","MKD","Vitamin A, RAE",2083368,27831.1282247016,1.33587192587683
"North Macedonia","MKD","Vitamin B-12",2083368,247651.925936744,11.8870946437089
"North Macedonia","MKD","Zinc",2083368,3155.44160990305,0.151458677002961
"Norway","NOR","Calcium",5420162,2247980.05145733,41.4744070649056
"Norway","NOR","Iron",5420162,3549.00936248232,0.0654779204474391
"Norway","NOR","Omega-3 fatty acids",3809539,554738.630284252,14.5618309796606
"Norway","NOR","Vitamin A, RAE",5420162,728307.086686486,13.4369985009025
"Norway","NOR","Vitamin B-12",5420162,1039.64037296076,0.0191809833905474
"Norway","NOR","Zinc",5420162,190.690466209433,0.00351816912869825
"Oman","OMN","Calcium",5106407,2937254.1067466,57.5209556689585
"Oman","OMN","Iron",5106407,178037.383741058,3.48654903028799
"Oman","OMN","Omega-3 fatty acids",3414473,1787628.98276827,52.3544623948782
"Oman","OMN","Vitamin A, RAE",5106407,1494222.7782085,29.2617250878846
"Oman","OMN","Vitamin B-12",5106407,220322.248250858,4.31462373153683
"Oman","OMN","Zinc",5106407,7805.56526351589,0.152858267339754
"Pakistan","PAK","Calcium",220891499,192625364.463131,87.2036114269525
"Pakistan","PAK","Iron",220891499,58456729.1620116,26.4640012977646
"Pakistan","PAK","Omega-3 fatty acids",101229549,96003483.4198737,94.8374109815245
"Pakistan","PAK","Vitamin A, RAE",220891499,128711630.901765,58.2691644922762
"Pakistan","PAK","Vitamin B-12",220891499,13504208.2138828,6.11350290754414
"Pakistan","PAK","Zinc",220891499,91725785.4323892,41.5252673134285
"Palau","PLW","Calcium",0,0,NA
"Palau","PLW","Iron",0,0,NA
"Palau","PLW","Omega-3 fatty acids",0,0,NA
"Palau","PLW","Vitamin A, RAE",0,0,NA
"Palau","PLW","Vitamin B-12",0,0,NA
"Palau","PLW","Zinc",0,0,NA
"Palestinian Territories","PSE","Calcium",5101404,4910992.19106293,96.2674626644533
"Palestinian Territories","PSE","Iron",5101404,4837361.62588052,94.8241234350489
"Palestinian Territories","PSE","Omega-3 fatty acids",2128741,1999053.50027045,93.9077840033356
"Palestinian Territories","PSE","Vitamin A, RAE",5101404,4614800.5155666,90.4613811328528
"Palestinian Territories","PSE","Vitamin B-12",5101404,4135185.75417389,81.0597583366047
"Palestinian Territories","PSE","Zinc",5101404,4703135.32915324,92.1929596078499
"Panama","PAN","Calcium",4313663,3458906.22892541,80.1848968944818
"Panama","PAN","Iron",4313663,934553.745254654,21.6649688502475
"Panama","PAN","Omega-3 fatty acids",2464212,2106792.35839984,85.4955806724358
"Panama","PAN","Vitamin A, RAE",4313663,773768.987900393,17.937631843294
"Panama","PAN","Vitamin B-12",4313663,0.000684141492595561,1.58598734438819e-08
"Panama","PAN","Zinc",4313663,282623.46350703,6.55182065699221
"Papua New Guinea","PNG","Calcium",8947024,8865019.22253481,99.0834407344253
"Papua New Guinea","PNG","Iron",8947024,8662798.64658295,96.8232414105847
"Papua New Guinea","PNG","Omega-3 fatty acids",4041984,3073239.1691819,76.0329375173652
"Papua New Guinea","PNG","Vitamin A, RAE",8947024,8523009.48182566,95.2608317785406
"Papua New Guinea","PNG","Vitamin B-12",8947024,7328744.06369068,81.9126456315606
"Papua New Guinea","PNG","Zinc",8947024,7837342.01985073,87.5971945515149
"Paraguay","PRY","Calcium",7132209,6897430.77394456,96.7081976137345
"Paraguay","PRY","Iron",7132209,1359909.05592944,19.0671509476159
"Paraguay","PRY","Omega-3 fatty acids",3734232,3201515.85519715,85.7342515193794
"Paraguay","PRY","Vitamin A, RAE",7132209,0.852765672827682,1.19565435172705e-05
"Paraguay","PRY","Vitamin B-12",7132209,0,0
"Paraguay","PRY","Zinc",7132209,7885.52062816702,0.110562108151444
"Peru","PER","Calcium",32970360,31350113.0358019,95.0857468216964
"Peru","PER","Iron",32970360,4100851.25215055,12.4379935558803
"Peru","PER","Omega-3 fatty acids",19782263,11708119.9841009,59.1849374568568
"Peru","PER","Vitamin A, RAE",32970360,101.403855542457,0.000307560656124036
"Peru","PER","Vitamin B-12",32970360,0,0
"Peru","PER","Zinc",32970360,25284.7572980706,0.0766893576475069
"Philippines","PHL","Calcium",109579288,107024114.099841,97.6681962925705
"Philippines","PHL","Iron",109579288,37547007.2585914,34.2646935783991
"Philippines","PHL","Omega-3 fatty acids",56090965,24528962.3700825,43.730683489012
"Philippines","PHL","Vitamin A, RAE",109579288,88379088.1536197,80.653095823747
"Philippines","PHL","Vitamin B-12",109579288,32669738.1425914,29.8137893929292
"Philippines","PHL","Zinc",109579288,19774937.8124742,18.0462368148205
"Poland","POL","Calcium",37841581,23263882.1783405,61.4770354820549
"Poland","POL","Iron",37841581,1607473.37102513,4.24790225076783
"Poland","POL","Omega-3 fatty acids",28381591,21783311.3536346,76.7515512207707
"Poland","POL","Vitamin A, RAE",37841581,13356575.3187076,35.2960287750863
"Poland","POL","Vitamin B-12",37841581,2443156.99721803,6.45627622487029
"Poland","POL","Zinc",37841581,18753.6277867194,0.049558256529291
"Portugal","PRT","Calcium",10194746,6375578.34059103,62.53788314678
"Portugal","PRT","Iron",10194746,916686.949741367,8.99175859547032
"Portugal","PRT","Omega-3 fatty acids",7798670,5979938.85913901,76.6789575548011
"Portugal","PRT","Vitamin A, RAE",10194746,3603844.48266615,35.3500173782275
"Portugal","PRT","Vitamin B-12",10194746,648457.620142443,6.36070403463159
"Portugal","PRT","Zinc",10194746,247086.131375573,2.42366147597569
"Puerto Rico","PRI","Calcium",2859180,2771763.89744329,96.9426163250752
"Puerto Rico","PRI","Iron",2859180,2557734.96255162,89.4569408904516
"Puerto Rico","PRI","Omega-3 fatty acids",2080707,1890650.85399279,90.8657900412113
"Puerto Rico","PRI","Vitamin A, RAE",2859180,2639731.34153408,92.3247693931156
"Puerto Rico","PRI","Vitamin B-12",2859180,2281419.31036399,79.7927836080272
"Puerto Rico","PRI","Zinc",2859180,2330197.25859063,81.4987954095451
"Qatar","QAT","Calcium",2880971,2750377.48758628,95.4670313441641
"Qatar","QAT","Iron",2880971,2730627.37727863,94.7814947557135
"Qatar","QAT","Omega-3 fatty acids",2144592,2013294.72356061,93.8777503394871
"Qatar","QAT","Vitamin A, RAE",2880971,2687973.32711023,93.3009505166914
"Qatar","QAT","Vitamin B-12",2880971,2371185.11793249,82.3050672128421
"Qatar","QAT","Zinc",2880971,2512143.31853776,87.1977995799944
"Romania","ROU","Calcium",19236520,11882617.662936,61.7711398056197
"Romania","ROU","Iron",19236520,819996.737233181,4.26270831331853
"Romania","ROU","Omega-3 fatty acids",14246290,10917140.2347985,76.6314614878574
"Romania","ROU","Vitamin A, RAE",19236520,6760863.33021339,35.1459792634707
"Romania","ROU","Vitamin B-12",19236520,1222914.77515166,6.35725575702707
"Romania","ROU","Zinc",19236520,9669.24432685939,0.0502650392423338
"Russia","RUS","Calcium",145925053,95728108.7763341,65.6008730566191
"Russia","RUS","Iron",145925053,618893.264688379,0.424117210831768
"Russia","RUS","Omega-3 fatty acids",105431713,56048190.7130127,53.1606564269829
"Russia","RUS","Vitamin A, RAE",145925053,1014315.40075628,0.695093392055356
"Russia","RUS","Vitamin B-12",145925053,0.0461972219777293,3.16581841349267e-08
"Russia","RUS","Zinc",145925053,11879.7748202073,0.00814101113960691
"Rwanda","RWA","Calcium",12952202,12296019.6974362,94.9338166393342
"Rwanda","RWA","Iron",12952202,1567475.12500297,12.1019972125433
"Rwanda","RWA","Omega-3 fatty acids",5301823,4150840.72782388,78.2908204937034
"Rwanda","RWA","Vitamin A, RAE",12952202,96904.6596459886,0.748171312074878
"Rwanda","RWA","Vitamin B-12",12952202,4185186.54488804,32.3125484368453
"Rwanda","RWA","Zinc",12952202,1906884.57931053,14.7224740573883
"Samoa","WSM","Calcium",198410,180764.846040406,91.1067214557764
"Samoa","WSM","Iron",198410,11100.3657183982,5.59466040945427
"Samoa","WSM","Omega-3 fatty acids",88717,32737.242203375,36.9007543124486
"Samoa","WSM","Vitamin A, RAE",198410,18745.7849732778,9.44800411938805
"Samoa","WSM","Vitamin B-12",198410,0.00182065743085228,9.17623824833567e-07
"Samoa","WSM","Zinc",198410,15480.9919841445,7.80252607436344
"San Marino","SMR","Calcium",0,0,NA
"San Marino","SMR","Iron",0,0,NA
"San Marino","SMR","Omega-3 fatty acids",0,0,NA
"San Marino","SMR","Vitamin A, RAE",0,0,NA
"San Marino","SMR","Vitamin B-12",0,0,NA
"San Marino","SMR","Zinc",0,0,NA
"São Tomé & Príncipe","STP","Calcium",219160,215363.780317087,98.2678318657998
"São Tomé & Príncipe","STP","Iron",219160,133704.230859024,61.0075884554771
"São Tomé & Príncipe","STP","Omega-3 fatty acids",83963,44081.5624196705,52.5011760176155
"São Tomé & Príncipe","STP","Vitamin A, RAE",219160,154743.425442131,70.6075129777928
"São Tomé & Príncipe","STP","Vitamin B-12",219160,94149.3151041527,42.9591691477243
"São Tomé & Príncipe","STP","Zinc",219160,180133.420495945,82.1926539952295
"Saudi Arabia","SAU","Calcium",34813556,26379759.1678264,75.7743884819649
"Saudi Arabia","SAU","Iron",34813556,362269.332119259,1.04059847296053
"Saudi Arabia","SAU","Omega-3 fatty acids",21663928,14499687.3977296,66.9300941072626
"Saudi Arabia","SAU","Vitamin A, RAE",34813556,17861514.2846936,51.3062046425066
"Saudi Arabia","SAU","Vitamin B-12",34813556,5345753.63695892,15.3553794876884
"Saudi Arabia","SAU","Zinc",34813556,106898.516112106,0.307060031764942
"Senegal","SEN","Calcium",16743924,16690475.8760196,99.6807909306065
"Senegal","SEN","Iron",16743924,5.19248753132495e-05,3.10111747480755e-10
"Senegal","SEN","Omega-3 fatty acids",6328599,4334852.12861214,68.4962363488686
"Senegal","SEN","Vitamin A, RAE",16743924,11760485.1977118,70.2373302561087
"Senegal","SEN","Vitamin B-12",16743924,3869645.04391786,23.1107418065076
"Senegal","SEN","Zinc",16743924,0.000563237913926626,3.36383462996264e-09
"Serbia","SRB","Calcium",8737263,5955071.37203206,68.1571720117852
"Serbia","SRB","Iron",8737263,131595.221245951,1.50613780592333
"Serbia","SRB","Omega-3 fatty acids",6352543,5390155.66681516,84.8503609785115
"Serbia","SRB","Vitamin A, RAE",8737263,3788473.33434293,43.3599553354744
"Serbia","SRB","Vitamin B-12",8737263,814382.601679041,9.32079761910613
"Serbia","SRB","Zinc",8737263,7150.89521314823,0.0818436530198099
"Seychelles","SYC","Calcium",98335,97307.4152358661,98.9550162565374
"Seychelles","SYC","Iron",98335,93034.3001245356,94.6095491173393
"Seychelles","SYC","Omega-3 fatty acids",62173,55136.8473321396,88.6829448991355
"Seychelles","SYC","Vitamin A, RAE",98335,86184.6900982231,87.6439620666325
"Seychelles","SYC","Vitamin B-12",98335,84778.0606521441,86.2135156883552
"Seychelles","SYC","Zinc",98335,92482.5885944218,94.0484960537162
"Sierra Leone","SLE","Calcium",7976968,7956818.13877064,99.7473994977871
"Sierra Leone","SLE","Iron",7976968,4676841.86634764,58.6293171333725
"Sierra Leone","SLE","Omega-3 fatty acids",3129866,1827240.55320358,58.3807918039808
"Sierra Leone","SLE","Vitamin A, RAE",7976968,2997273.18248861,37.5740905879102
"Sierra Leone","SLE","Vitamin B-12",7976968,3364686.77740792,42.1800209980524
"Sierra Leone","SLE","Zinc",7976968,5338942.90588791,66.9294762858257
"Singapore","SGP","Calcium",5849592,5812045.13862476,99.3581285434054
"Singapore","SGP","Iron",5849592,5677905.58436272,97.0649847777882
"Singapore","SGP","Omega-3 fatty acids",4467224,3423100.65178236,76.6270205340578
"Singapore","SGP","Vitamin A, RAE",5849592,5658384.57538765,96.7312690421425
"Singapore","SGP","Vitamin B-12",5849592,4858778.42947509,83.0618345600017
"Singapore","SGP","Zinc",5849592,4706752.23377305,80.462914913947
"Slovakia","SVK","Calcium",5459479,3324773.98507893,60.8991074986995
"Slovakia","SVK","Iron",5459479,223204.538370904,4.08838532707799
"Slovakia","SVK","Omega-3 fatty acids",4056688,3111018.30358093,76.6886263765153
"Slovakia","SVK","Vitamin A, RAE",5459479,1912049.35323118,35.0225608200193
"Slovakia","SVK","Vitamin B-12",5459479,353141.97451409,6.46841895561993
"Slovakia","SVK","Zinc",5459479,3189.70575078679,0.0584250942404357
"Slovenia","SVN","Calcium",2078741,1288037.45244459,61.962382636634
"Slovenia","SVN","Iron",2078741,80174.7279746426,3.85688875981388
"Slovenia","SVN","Omega-3 fatty acids",1575878,1208401.67345857,76.6811690662966
"Slovenia","SVN","Vitamin A, RAE",2078741,746260.476811133,35.8996371751523
"Slovenia","SVN","Vitamin B-12",2078741,133561.0775297,6.42509468614414
"Slovenia","SVN","Zinc",2078741,1109.64371536723,0.0533805661872849
"Solomon Islands","SLB","Calcium",686874,408192.946807871,59.4276310950583
"Solomon Islands","SLB","Iron",686874,314096.406368424,45.7283877928738
"Solomon Islands","SLB","Omega-3 fatty acids",280884,136431.147895411,48.5720610271182
"Solomon Islands","SLB","Vitamin A, RAE",686874,1.0255575700548,0.000149307961875802
"Solomon Islands","SLB","Vitamin B-12",686874,433340.612959258,63.0888071115311
"Solomon Islands","SLB","Zinc",686874,269024.238117888,39.1664611148315
"Somalia","SOM","Calcium",15893180,15804557.3402879,99.4423856036862
"Somalia","SOM","Iron",15893180,15515127.9760284,97.6212940143408
"Somalia","SOM","Omega-3 fatty acids",5205951,4606486.01712199,88.4850052780365
"Somalia","SOM","Vitamin A, RAE",15893180,14310298.1837143,90.0404965130599
"Somalia","SOM","Vitamin B-12",15893180,12850670.0625022,80.856506139754
"Somalia","SOM","Zinc",15893180,15701114.8291492,98.791524598282
"South Africa","ZAF","Calcium",59308638,57607720.4660001,97.1320913928257
"South Africa","ZAF","Iron",59308638,8018062.30956231,13.5192150417656
"South Africa","ZAF","Omega-3 fatty acids",32389768,27718792.5606322,85.5788549045249
"South Africa","ZAF","Vitamin A, RAE",59308638,14120737.6004827,23.8089055433758
"South Africa","ZAF","Vitamin B-12",59308638,208913.479070181,0.352247979577918
"South Africa","ZAF","Zinc",59308638,496213.655021559,0.836663379492139
"South Korea","KOR","Calcium",51264836,46000288.6311542,89.7306852423252
"South Korea","KOR","Iron",51264836,5608032.70327252,10.9393360846263
"South Korea","KOR","Omega-3 fatty acids",39141521,8025888.76167434,20.5047953084765
"South Korea","KOR","Vitamin A, RAE",51264836,2665470.3828086,5.19941267891426
"South Korea","KOR","Vitamin B-12",51264836,6.72808764889885e-11,1.31241766752143e-16
"South Korea","KOR","Zinc",51264836,199001.204500844,0.388182660919551
"Spain","ESP","Calcium",46741700,28802505.9385696,61.6205784953684
"Spain","ESP","Iron",46741700,1818511.80711076,3.89055555769422
"Spain","ESP","Omega-3 fatty acids",35515227,27214625.8962415,76.6280499804815
"Spain","ESP","Vitamin A, RAE",46741700,16505620.7436964,35.3124099972753
"Spain","ESP","Vitamin B-12",46741700,2969875.49169255,6.35380290338724
"Spain","ESP","Zinc",46741700,25380.377677073,0.0542992182078808
"Sri Lanka","LKA","Calcium",21412675,20343909.3983338,95.0087244976811
"Sri Lanka","LKA","Iron",21412675,4691589.23447514,21.9103369124835
"Sri Lanka","LKA","Omega-3 fatty acids",13180769,4145992.36388223,31.4548594538167
"Sri Lanka","LKA","Vitamin A, RAE",21412675,12790510.8009627,59.7333626039842
"Sri Lanka","LKA","Vitamin B-12",21412675,6619686.39052415,30.9148034541418
"Sri Lanka","LKA","Zinc",21412675,3115274.64512882,14.5487410850294
"St. Kitts & Nevis","KNA","Calcium",0,0,NA
"St. Kitts & Nevis","KNA","Iron",0,0,NA
"St. Kitts & Nevis","KNA","Omega-3 fatty acids",0,0,NA
"St. Kitts & Nevis","KNA","Vitamin A, RAE",0,0,NA
"St. Kitts & Nevis","KNA","Vitamin B-12",0,0,NA
"St. Kitts & Nevis","KNA","Zinc",0,0,NA
"St. Lucia","LCA","Calcium",183596,154185.202208467,83.9806979501005
"St. Lucia","LCA","Iron",183596,21758.7231718682,11.851414612447
"St. Lucia","LCA","Omega-3 fatty acids",121579,68183.7161393174,56.0818201657502
"St. Lucia","LCA","Vitamin A, RAE",183596,17494.8443668507,9.5289899381526
"St. Lucia","LCA","Vitamin B-12",183596,0.296151114914478,0.00016130586446027
"St. Lucia","LCA","Zinc",183596,37061.6780482994,20.186538948724
"St. Vincent & Grenadines","VCT","Calcium",110942,89713.0011851619,80.8647772576318
"St. Vincent & Grenadines","VCT","Iron",110942,5288.42722960379,4.76683963657027
"St. Vincent & Grenadines","VCT","Omega-3 fatty acids",68277,52705.30775848,77.1933561206262
"St. Vincent & Grenadines","VCT","Vitamin A, RAE",110942,9382.12187532378,8.45678090833389
"St. Vincent & Grenadines","VCT","Vitamin B-12",110942,5062.04428539808,4.56278441473751
"St. Vincent & Grenadines","VCT","Zinc",110942,5929.06691192841,5.34429423656362
"Sudan","SDN","Calcium",43848987,43552125.4029667,99.3229909803085
"Sudan","SDN","Iron",43848987,40800656.8780231,93.0481173442458
"Sudan","SDN","Omega-3 fatty acids",17437136,15434502.7396844,88.5151250737757
"Sudan","SDN","Vitamin A, RAE",43848987,39268980.3283464,89.5550456578311
"Sudan","SDN","Vitamin B-12",43848987,36014389.2011889,82.1327735602852
"Sudan","SDN","Zinc",43848987,40797258.7365249,93.0403676977188
"Suriname","SUR","Calcium",586611,583855.716653984,99.5303048619927
"Suriname","SUR","Iron",586611,114387.022826908,19.4996382316233
"Suriname","SUR","Omega-3 fatty acids",330813,260800.633730104,78.8362711653121
"Suriname","SUR","Vitamin A, RAE",586611,414354.021851086,70.6352287718924
"Suriname","SUR","Vitamin B-12",586611,70415.3931661199,12.0037628285388
"Suriname","SUR","Zinc",586611,64775.4865876981,11.042323888863
"Sweden","SWE","Calcium",10097000,6075139.26855136,60.167765361507
"Sweden","SWE","Iron",10097000,421995.230278603,4.17941200632468
"Sweden","SWE","Omega-3 fatty acids",7232136,5547308.47386002,76.7035973032036
"Sweden","SWE","Vitamin A, RAE",10097000,3549958.08606173,35.1585429935795
"Sweden","SWE","Vitamin B-12",10097000,638190.046576669,6.32059073563106
"Sweden","SWE","Zinc",10097000,5531.89675008997,0.0547875284746951
"Switzerland","CHE","Calcium",8652923,4550554.74966424,52.5897982642887
"Switzerland","CHE","Iron",8652923,249983.322692338,2.88900435947873
"Switzerland","CHE","Omega-3 fatty acids",6448925,3764367.03849003,58.3720083345679
"Switzerland","CHE","Vitamin A, RAE",8652923,60370.9631882608,0.697694446006983
"Switzerland","CHE","Vitamin B-12",8652923,0.000778440643909103,8.99627378989854e-09
"Switzerland","CHE","Zinc",8652923,1746.61664059833,0.0201852789005326
"Syria","SYR","Calcium",17500493,16855632.4984764,96.3151866548923
"Syria","SYR","Iron",17500493,16702123.7405527,95.4380184635526
"Syria","SYR","Omega-3 fatty acids",8935965,8385968.6979248,93.8451381347711
"Syria","SYR","Vitamin A, RAE",17500493,15969989.9776787,91.2545148166893
"Syria","SYR","Vitamin B-12",17500493,14305445.5208486,81.7431001563704
"Syria","SYR","Zinc",17500493,16302812.2724476,93.1563029249955
"Taiwan","TWN","Calcium",23812583,21234748.2885565,89.1744851390395
"Taiwan","TWN","Iron",23812583,1303615.03167949,5.47447973905011
"Taiwan","TWN","Omega-3 fatty acids",18068607,7332767.8324304,40.5829172798456
"Taiwan","TWN","Vitamin A, RAE",23812583,3048856.98531332,12.8035542608432
"Taiwan","TWN","Vitamin B-12",23812583,3.9372342815254,1.65342595615327e-05
"Taiwan","TWN","Zinc",23812583,197728.774052101,0.830354162133947
"Tajikistan","TJK","Calcium",9537625,8886023.47249075,93.1680944940774
"Tajikistan","TJK","Iron",9537625,2662008.28192116,27.9105991472842
"Tajikistan","TJK","Omega-3 fatty acids",4337845,4215120.88463726,97.1708506098594
"Tajikistan","TJK","Vitamin A, RAE",9537625,507265.099431968,5.31856829590143
"Tajikistan","TJK","Vitamin B-12",9537625,706405.536249607,7.40651405616814
"Tajikistan","TJK","Zinc",9537625,4603176.46846545,48.2633409099797
"Tanzania","TZA","Calcium",59734206,57911083.1688042,96.9479416346544
"Tanzania","TZA","Iron",59734206,12913602.1726729,21.6184378054224
"Tanzania","TZA","Omega-3 fatty acids",22020293,16809752.1925288,76.3375500613404
"Tanzania","TZA","Vitamin A, RAE",59734206,3600026.08201438,6.02674133144814
"Tanzania","TZA","Vitamin B-12",59734206,32903493.0744075,55.0831680501579
"Tanzania","TZA","Zinc",59734206,5246006.49137556,8.7822486355231
"Thailand","THA","Calcium",69791212,67935134.6067103,97.3405284990756
"Thailand","THA","Iron",69791212,21890570.9676027,31.3657985587106
"Thailand","THA","Omega-3 fatty acids",49051165,20662231.4160817,42.1238341965613
"Thailand","THA","Vitamin A, RAE",69791212,8997543.22808667,12.8920862243898
"Thailand","THA","Vitamin B-12",69791212,1103183.80335248,1.58069156809095
"Thailand","THA","Zinc",69791212,17547311.9503526,25.1425809174264
"Timor-Leste","TLS","Calcium",1318439,1294034.38119675,98.1489762663841
"Timor-Leste","TLS","Iron",1318439,332587.837576469,25.2258798151806
"Timor-Leste","TLS","Omega-3 fatty acids",550060,388483.169332617,70.6255989042318
"Timor-Leste","TLS","Vitamin A, RAE",1318439,1179978.94147316,89.4981824318881
"Timor-Leste","TLS","Vitamin B-12",1318439,889812.044645555,67.4898152015796
"Timor-Leste","TLS","Zinc",1318439,314608.299187774,23.8621808963307
"Togo","TGO","Calcium",8278737,8265022.44039669,99.8343399530229
"Togo","TGO","Iron",8278737,1115890.81882005,13.4789982918898
"Togo","TGO","Omega-3 fatty acids",3279827,2315242.9919867,70.5903997981205
"Togo","TGO","Vitamin A, RAE",8278737,7238810.86035134,87.4385894895723
"Togo","TGO","Vitamin B-12",8278737,6025889.24692334,72.7875429177583
"Togo","TGO","Zinc",8278737,439709.429888524,5.31131052826686
"Tonga","TON","Calcium",105697,104773.314390082,99.1261004475831
"Tonga","TON","Iron",105697,102399.800370731,96.8805173001415
"Tonga","TON","Omega-3 fatty acids",47838,36482.1930254827,76.2619528941065
"Tonga","TON","Vitamin A, RAE",105697,100809.388737844,95.3758278265649
"Tonga","TON","Vitamin B-12",105697,86742.5794742213,82.0672104924655
"Tonga","TON","Zinc",105697,92921.6314927995,87.9132156000639
"Trinidad & Tobago","TTO","Calcium",1399403,1047605.24116201,74.8608686105439
"Trinidad & Tobago","TTO","Iron",1399403,9861.42823690839,0.704688230403136
"Trinidad & Tobago","TTO","Omega-3 fatty acids",943446,674510.239404579,71.4943133369137
"Trinidad & Tobago","TTO","Vitamin A, RAE",1399403,522303.912866859,37.3233380853735
"Trinidad & Tobago","TTO","Vitamin B-12",1399403,61516.520137708,4.39591169503767
"Trinidad & Tobago","TTO","Zinc",1399403,8864.96821982437,0.633482150590242
"Tunisia","TUN","Calcium",11818368,7639285.01102315,64.6390856252162
"Tunisia","TUN","Iron",11818368,5606.98445563315,0.0474429672153816
"Tunisia","TUN","Omega-3 fatty acids",7339384,5857798.71235382,79.8132201878771
"Tunisia","TUN","Vitamin A, RAE",11818368,759478.850854239,6.42625826894406
"Tunisia","TUN","Vitamin B-12",11818368,1063004.56925764,8.99451234940087
"Tunisia","TUN","Zinc",11818368,603918.152479395,5.1099961727321
"Turkey","TUR","Calcium",84337790,45487980.5266432,53.9354665644466
"Turkey","TUR","Iron",84337790,713128.343250323,0.845562046681947
"Turkey","TUR","Omega-3 fatty acids",50553352,44057908.8579439,87.1513106745996
"Turkey","TUR","Vitamin A, RAE",84337790,5177222.62437989,6.13867475585961
"Turkey","TUR","Vitamin B-12",84337790,1985775.96537976,2.35455062953365
"Turkey","TUR","Zinc",84337790,901479.212699351,1.06889119657908
"Turkmenistan","TKM","Calcium",6031115,4574377.63364956,75.8463009518068
"Turkmenistan","TKM","Iron",6031115,547209.582164767,9.07310807644634
"Turkmenistan","TKM","Omega-3 fatty acids",3227905,2900208.26939965,89.8480057312606
"Turkmenistan","TKM","Vitamin A, RAE",6031115,1793634.52896834,29.7396837727076
"Turkmenistan","TKM","Vitamin B-12",6031115,758.347889335255,0.0125739252084441
"Turkmenistan","TKM","Zinc",6031115,926665.690459539,15.3647491460458
"Tuvalu","TUV","Calcium",0,0,NA
"Tuvalu","TUV","Iron",0,0,NA
"Tuvalu","TUV","Omega-3 fatty acids",0,0,NA
"Tuvalu","TUV","Vitamin A, RAE",0,0,NA
"Tuvalu","TUV","Vitamin B-12",0,0,NA
"Tuvalu","TUV","Zinc",0,0,NA
"Uganda","UGA","Calcium",45740994,44382940.5225192,97.0309926420034
"Uganda","UGA","Iron",45740994,13328210.5526191,29.1384366343659
"Uganda","UGA","Omega-3 fatty acids",15107437,8235859.63908841,54.5152671435162
"Uganda","UGA","Vitamin A, RAE",45740994,4554915.00982384,9.95805865046099
"Uganda","UGA","Vitamin B-12",45740994,9614758.04938137,21.0200024279782
"Uganda","UGA","Zinc",45740994,8491626.44981069,18.5645866152596
"Ukraine","UKR","Calcium",43731840,31344696.9910569,71.6747728681365
"Ukraine","UKR","Iron",43731840,815763.867096547,1.86537741630937
"Ukraine","UKR","Omega-3 fatty acids",32612765,25107769.2253915,76.9875514246997
"Ukraine","UKR","Vitamin A, RAE",43731840,742233.751048323,1.69723878768495
"Ukraine","UKR","Vitamin B-12",43731840,970016.306181394,2.21810083038215
"Ukraine","UKR","Zinc",43731840,842784.122729861,1.92716364719587
"United Arab Emirates","ARE","Calcium",9890369,5903489.72227599,59.689276732506
"United Arab Emirates","ARE","Iron",9890369,20503.9954037875,0.207312744385852
"United Arab Emirates","ARE","Omega-3 fatty acids",7319912,3104116.07030874,42.4064670491768
"United Arab Emirates","ARE","Vitamin A, RAE",9890369,363271.244649683,3.67297969013778
"United Arab Emirates","ARE","Vitamin B-12",9890369,87406.0685841565,0.883749317989617
"United Arab Emirates","ARE","Zinc",9890369,371.869559763801,0.00375991593199203
"United Kingdom","GBR","Calcium",67870170,37133674.2349674,54.7128056920551
"United Kingdom","GBR","Iron",67870170,442730.736668238,0.652320064423351
"United Kingdom","GBR","Omega-3 fatty acids",48109001,30993982.082052,64.4244973659961
"United Kingdom","GBR","Vitamin A, RAE",67870170,2718014.37291248,4.00472604225462
"United Kingdom","GBR","Vitamin B-12",67870170,138740.5337708,0.204420489547617
"United Kingdom","GBR","Zinc",67870170,2351.74390526144,0.00346506264130684
"United States","USA","Calcium",330905549,147173422.693786,44.4759609316151
"United States","USA","Iron",330905549,10937404.5560588,3.3052949970503
"United States","USA","Omega-3 fatty acids",226592941,130686863.129216,57.6747283266939
"United States","USA","Vitamin A, RAE",330905549,22667731.872718,6.85021207447869
"United States","USA","Vitamin B-12",330905549,413993.975200442,0.125109408546196
"United States","USA","Zinc",330905549,6816.41388106632,0.00205992734230828
"Uruguay","URY","Calcium",3471584,2262140.60011016,65.1616265114185
"Uruguay","URY","Iron",3471584,180102.95556182,5.18791870114104
"Uruguay","URY","Omega-3 fatty acids",2265520,1918521.59531245,84.6834985042044
"Uruguay","URY","Vitamin A, RAE",3471584,31.6647761568616,0.00091211320702197
"Uruguay","URY","Vitamin B-12",3471584,0.000244868073561797,7.05349700775776e-09
"Uruguay","URY","Zinc",3471584,611.741104358505,0.0176213827566467
"Uzbekistan","UZB","Calcium",33468720,10698811.1592114,31.9665979434273
"Uzbekistan","UZB","Iron",33468720,2826000.39328454,8.44370622265967
"Uzbekistan","UZB","Omega-3 fatty acids",18511806,17172051.1844933,92.7627006489444
"Uzbekistan","UZB","Vitamin A, RAE",33468720,0,0
"Uzbekistan","UZB","Vitamin B-12",33468720,5.2094462757778e-05,1.55651195378186e-10
"Uzbekistan","UZB","Zinc",33468720,3496144.27447955,10.4460053281976
"Vanuatu","VUT","Calcium",307150,298772.736925531,97.2725824273258
"Vanuatu","VUT","Iron",307150,1994.3486585741,0.649307718891129
"Vanuatu","VUT","Omega-3 fatty acids",133430,69226.0632413158,51.8819330295404
"Vanuatu","VUT","Vitamin A, RAE",307150,249560.48107672,81.2503601096274
"Vanuatu","VUT","Vitamin B-12",307150,23053.431295613,7.50559378011166
"Vanuatu","VUT","Zinc",307150,15132.2289496718,4.92665764273865
"Venezuela","VEN","Calcium",28433065,28207086.4421523,99.2052261764684
"Venezuela","VEN","Iron",28433065,8594372.91584653,30.2266847272587
"Venezuela","VEN","Omega-3 fatty acids",16078270,13718239.0068942,85.3216111366101
"Venezuela","VEN","Vitamin A, RAE",28433065,2407312.72877566,8.46659594657015
"Venezuela","VEN","Vitamin B-12",28433065,4.87917340794311,1.71602091014216e-05
"Venezuela","VEN","Zinc",28433065,1927026.35306869,6.77741338497518
"Vietnam","VNM","Calcium",97314733,92064757.2560493,94.6051583536167
"Vietnam","VNM","Iron",97314733,16112829.8707624,16.5574413801889
"Vietnam","VNM","Omega-3 fatty acids",61416915,13837746.1892657,22.5308389215995
"Vietnam","VNM","Vitamin A, RAE",97314733,14647042.747546,15.0512078654585
"Vietnam","VNM","Vitamin B-12",97314733,18.5508283861057,1.90627131311204e-05
"Vietnam","VNM","Zinc",97314733,1362499.61122655,1.40009592507082
"Western Sahara","ESH","Calcium",597329,574636.870939766,96.2010669061381
"Western Sahara","ESH","Iron",597329,591743.634829491,99.0649432439227
"Western Sahara","ESH","Omega-3 fatty acids",336201,315129.182814472,93.7323752203211
"Western Sahara","ESH","Vitamin A, RAE",597329,547350.754764471,91.6330455686015
"Western Sahara","ESH","Vitamin B-12",597329,489027.055775003,81.8689626277986
"Western Sahara","ESH","Zinc",597329,589651.444574169,98.7146856379263
"Yemen","YEM","Calcium",29825890,27933407.970639,93.6549017334905
"Yemen","YEM","Iron",29825890,4528741.23575284,15.183926567666
"Yemen","YEM","Omega-3 fatty acids",12116962,11037240.8939314,91.0891764283109
"Yemen","YEM","Vitamin A, RAE",29825890,23568413.6867154,79.0199846063785
"Yemen","YEM","Vitamin B-12",29825890,10782082.1769783,36.1500769196771
"Yemen","YEM","Zinc",29825890,15297450.7102731,51.2891675999377
"Zambia","ZMB","Calcium",18383951,18143641.8986282,98.6928321263923
"Zambia","ZMB","Iron",18383951,4649895.62216397,25.2932333325082
"Zambia","ZMB","Omega-3 fatty acids",6423289,4067806.65169236,63.3290305276994
"Zambia","ZMB","Vitamin A, RAE",18383951,10025653.1572229,54.5348122241126
"Zambia","ZMB","Vitamin B-12",18383951,339677.52861029,1.84768512824196
"Zambia","ZMB","Zinc",18383951,1098457.3794113,5.9750887032461
"Zimbabwe","ZWE","Calcium",14862908,14658099.4898818,98.6220158927295
"Zimbabwe","ZWE","Iron",14862908,2530971.74224481,17.0287789054794
"Zimbabwe","ZWE","Omega-3 fatty acids",5616964,4732529.64014114,84.2542277312288
"Zimbabwe","ZWE","Vitamin A, RAE",14862908,12007157.4871939,80.7860580661196
"Zimbabwe","ZWE","Vitamin B-12",14862908,3360514.67081522,22.6100751670886
"Zimbabwe","ZWE","Zinc",14862908,877401.295456823,5.90329493701248
