"food_nutrient_conversion_factor_id","value"
"16365","6.25"
"16366","6.25"
"16367","6.25"
"16368","6.25"
"16369","6.25"
"16370","6.25"
"16371","6.25"
"16372","6.25"
"16373","6.25"
"16374","6.1"
"16375","6.2"
"16376","6.25"
"16377","6.25"
"16378","6.25"
"16379","5.7"
"16380","5.8"
"16381","6.1"
"16382","5.46"
"16383","5.9"
"16384","5.6"
"16385","6.25"
"16386","6.1"
"16387","5.9"
"16388","6.2"
"16389","6.25"
"16390","6.3"
"16391","5.7"
"16392","5.8"
"16393","5.9"
"16394","6.2"
"16395","6.25"
"16396","6.25"
"16397","5.4"
"16398","6.25"
"16399","6.38"
"16400","6.25"
"16401","6.25"
"16402","5.63"
"16403","6.25"
"16404","6.25"
"16405","6.38"
"16406","6.25"
"16407","6.25"
"16408","0"
"16409","6.25"
"16410","6.4"
"16411","6.25"
"16412","6.25"
"16413","6.25"
"16414","6.25"
"16415","6.25"
"16416","6.25"
"16417","6.25"
"16418","6.25"
"16419","6.25"
"16420","6.25"
"16421","6.25"
"16422","6.25"
"16423","6.25"
"16424","6.25"
"16425","6.25"
"16426","6.25"
"16427","6.25"
"16428","6.25"
"16429","6.25"
"16430","6.25"
"16431","6.25"
"16432","5.3"
"16433","6.25"
"16434","6.25"
"16435","6.25"
"16436","6.25"
"16437","6.25"
"16438","6.25"
"16439","6.25"
"16440","5.3"
"16441","6.25"
"16442","5.3"
"16443","6.25"
"16444","6.25"
"16445","6.25"
"16446","6.25"
"16447","6.25"
"16448","6.25"
"16449","6.25"
"16450","6.25"
"16451","6.25"
"16452","6.25"
"16453","6.25"
"16454","6.25"
"16455","6.25"
"16456","6.25"
"16457","6.25"
"16458","5.3"
"16459","6.25"
"16460","6.25"
"16461","6.25"
"16462","6.25"
"16463","6.25"
"16464","6.25"
"16465","6.25"
"16466","6.25"
"16467","6.25"
"16468","6.25"
"16469","6.25"
"16470","6.25"
"16471","6.25"
"16472","6.25"
"16473","6.25"
"16474","6.25"
"16475","6.25"
"16476","6.38"
"16477","6.29"
"16478","6.25"
"16479","6.38"
"16480","6.25"
"16481","6.38"
"16482","6.25"
"16483","6.25"
"16484","6.38"
"16485","6.38"
"16486","6.25"
"16487","6.25"
"16488","6.25"
"16489","6.25"
"16490","6.38"
"16491","6.25"
"16492","6.14"
"16493","6.25"
"16494","6.25"
"16495","6.25"
"16496","6.38"
"16497","6.25"
"16498","6.25"
"16499","6.25"
"16500","6.38"
"16501","6.25"
"16502","6.25"
"16503","6.25"
"16504","6.25"
"16505","6.25"
"16506","6.25"
"16507","6.25"
"16508","6.25"
"16509","6.25"
"16510","6.25"
"16511","6.25"
"16512","6.25"
"16513","6.25"
"16514","6.25"
"16515","6.25"
"16516","6.25"
"16517","6.25"
"16518","6.25"
"16519","6.25"
"16520","6.25"
"16521","6.25"
"16522","6.25"
"16523","6.25"
"16524","6.25"
"16525","6.25"
"16526","6.25"
"16527","6.25"
"16528","6.25"
"16529","6.25"
"16530","6.25"
"16531","6.25"
"16532","6.25"
"16533","6.25"
"16534","6.25"
"16535","6.25"
"16536","6.25"
"16537","6.25"
"16538","6.25"
"16539","6.25"
"16540","6.25"
"16541","6.25"
"16542","6.25"
"16543","6.25"
"16544","6.25"
"16545","6.25"
"16546","6.25"
"16547","6.25"
"16548","6.25"
"16549","6.25"
"16550","6.25"
"16551","6.25"
"16552","6.25"
"16553","6.25"
"16554","6.25"
"16555","6.25"
"16556","6.25"
"16557","6.25"
"16558","6.25"
"16559","6.25"
"16560","6.25"
"16561","6.25"
"16562","6.25"
"16563","6.25"
"16564","6.25"
"16565","6.25"
"16566","6.25"
"16567","6.25"
"16568","6.25"
"16569","6.25"
"16570","6.25"
"16571","6.25"
"16572","6.25"
"16573","6.25"
"16574","6.25"
"16575","6.25"
"16576","6.25"
"16577","6.25"
"16578","6.25"
"16579","6.25"
"16580","6.25"
"16581","6.25"
"16582","6.25"
"16583","6.25"
"16584","6.25"
"16585","6.25"
"16586","6.25"
"16587","6.25"
"16588","6.25"
"16589","6.25"
"16590","6.25"
"16591","6.25"
"16592","6.25"
"16593","6.25"
"16594","6.25"
"16595","6.25"
"16596","6.25"
"16597","6.25"
"16598","6.25"
"16599","6.25"
"16600","6.25"
"16601","6.25"
"16602","6.25"
"16603","6.25"
"16604","6.25"
"16605","6.25"
"16606","6.25"
"16607","6.25"
"16608","6.25"
"16609","6.25"
"16610","6.25"
"16611","6.25"
"16612","6.25"
"16613","6.25"
"16614","6.25"
"16615","6.25"
"16616","6.25"
"16617","6.25"
"16618","6.25"
"16619","6.25"
"16620","6.25"
"16621","6.25"
"16622","6.25"
"16623","6.25"
"16624","6.25"
"16625","6.25"
"16626","6.25"
"16627","6.25"
"16628","6.25"
"16629","6.25"
"16630","6.25"
"16631","6.25"
"16632","6.25"
"16633","6.25"
"16634","6.25"
"16635","6.25"
"16636","6.25"
"16637","6.25"
"16638","6.25"
"16639","6.25"
"16640","6.25"
"16641","6.25"
"16642","6.25"
"16643","6.25"
"16644","6.25"
"16645","6.25"
"16646","6.25"
"16647","6.25"
"16648","6.25"
"16649","6.25"
"16650","6.25"
"16651","6.25"
"16652","6.25"
"16653","6.25"
"16654","6.25"
"16655","6.25"
"16656","6.25"
"16657","6.25"
"16658","6.25"
"16659","6.25"
"16660","6.25"
"16661","5.9"
"16662","5.9"
"16663","6.2"
"16664","6.3"
"16665","6.25"
"16666","5.8"
"16667","5.8"
"16668","6.25"
"16669","5.9"
"16670","5.6"
"16671","6.25"
"16672","6.25"
"16673","0"
"16674","6.25"
"16675","6.3"
"16676","6.25"
"16677","6.1"
"16678","6.3"
"16679","6.25"
"16680","5.8"
"16681","5.95"
"16682","6.1"
"16683","0"
"16684","5.5"
"16685","6.2"
"16686","6.25"
"16687","6.25"
"16688","6.25"
"16689","6.4"
"16690","5.63"
"16691","5.63"
"16692","5.9"
"16693","6.25"
"16694","6.38"
"16695","6.25"
"16696","6.38"
"16697","6.25"
"16698","6.38"
"16699","6.25"
"16700","6.25"
"16701","6.25"
"16702","6.25"
"16703","6.25"
"16704","6.25"
"16705","6.25"
"16706","6.25"
"16707","6.25"
"16708","5.6"
"16709","5.8"
"16710","6.25"
"16711","6.25"
"16712","6.25"
"16713","5.8"
"16714","6.25"
"16715","6.25"
"16716","6.25"
"16717","6.25"
"16718","6.25"
"16719","5.7"
"16720","6.25"
"16721","6.25"
"16722","6.25"
"16723","6.25"
"16724","6.25"
"16725","6.25"
"16726","6.25"
"16727","5.3"
"16728","6.25"
"16729","6.25"
"16730","6.25"
"16731","6.25"
"16732","6.25"
"16733","6.25"
"16734","6.25"
"16735","6.25"
"16736","6.25"
"16737","6.25"
"16738","6.25"
"16739","6.25"
"16740","6.25"
"16741","5.3"
"16742","6.25"
"16743","6.25"
"16744","6.25"
"16745","6.25"
"16746","6.25"
"16747","6.25"
"16748","6.25"
"16749","6.25"
"16750","5.3"
"16751","6.25"
"16752","6.25"
"16753","6.25"
"16754","6.25"
"16755","6.25"
"16756","6.25"
"16757","6.25"
"16758","6.25"
"16759","6.25"
"16760","6.25"
"16761","6.25"
"16762","6.25"
"16763","6.25"
"16764","6.25"
"16765","6.38"
"16766","6.38"
"16767","6.38"
"16768","6.29"
"16769","6.38"
"16770","6.25"
"16771","6.25"
"16772","6.25"
"16773","6.25"
"16774","6.25"
"16775","6.25"
"16776","6.25"
"16777","6.25"
"16778","6.38"
"16779","6.38"
"16780","6.25"
"16781","6.38"
"16782","6.14"
"16783","6.25"
"16784","6.25"
"16785","6.25"
"16786","6.25"
"16787","6.14"
"16788","6.25"
"16789","6.25"
"16790","6.25"
"16791","6.25"
"16792","6.25"
"16793","6.38"
"16794","6.25"
"16795","6.25"
"16796","6.25"
"16797","6.25"
"16798","6.25"
"16799","6.25"
"16800","6.25"
"16801","6.25"
"16802","6.25"
"16803","6.25"
"16804","6.25"
"16805","6.25"
"16806","6.25"
"16807","6.25"
"16808","6.25"
"16809","6.25"
"16810","6.25"
"16811","6.25"
"16812","6.25"
"16813","6.25"
"16814","6.25"
"16815","6.25"
"16816","6.25"
"16817","6.25"
"16818","6.25"
"16819","6.25"
"16820","6.25"
"16821","6.25"
"16822","6.25"
"16823","6.25"
"16824","6.25"
"16825","6.25"
"16826","6.25"
"16827","6.25"
"16828","6.25"
"16829","6.25"
"16830","6.25"
"16831","6.25"
"16832","6.25"
"16833","6.25"
"16834","6.25"
"16835","6.25"
"16836","6.25"
"16837","6.25"
"16838","6.25"
"16839","6.25"
"16840","6.25"
"16841","6.25"
"16842","6.25"
"16843","6.25"
"16844","6.25"
"16845","6.25"
"16846","6.25"
"16847","6.25"
"16848","6.25"
"16849","6.25"
"16850","6.25"
"16851","6.25"
"16852","6.25"
"16853","6.25"
"16854","6.25"
"16855","6.25"
"16856","6.25"
"16857","6.25"
"16858","6.25"
"16859","6.25"
"16860","6.25"
"16861","6.25"
"16862","6.25"
"16863","6.25"
"16864","6.25"
"16865","6.25"
"16866","6.25"
"16867","6.25"
"16868","6.25"
"16869","6.25"
"16870","6.25"
"16871","6.25"
"16872","6.25"
"16873","6.25"
"16874","6.25"
"16875","6.25"
"16876","6.25"
"16877","6.25"
"16878","6.25"
"16879","6.25"
"16880","6.25"
"16881","6.25"
"16882","6.25"
"16883","6.25"
"16884","6.25"
"16885","6.25"
"16886","6.25"
"16887","6.25"
"16888","6.25"
"16889","6.25"
"16890","6.25"
"16891","6.25"
"16892","6.25"
"16893","6.25"
"16894","6.25"
"16895","6.25"
"16896","6.25"
"16897","6.25"
"16898","6.25"
"16899","6.25"
"16900","6.25"
"16901","6.25"
"16902","6.25"
"16903","6.25"
"16904","6.25"
"16905","6.25"
"16906","6.25"
"16907","6.25"
"16908","6.25"
"16909","6.25"
"16910","6.25"
"16911","6.25"
"16912","6.25"
"16913","6.25"
"16914","6.25"
"16915","6.25"
"16916","6.25"
"16917","6.25"
"16918","6.25"
"16919","6.25"
"16920","6.25"
"16921","6.25"
"16922","6.25"
"16923","6.25"
"16924","6.25"
"16925","6.25"
"16926","6.25"
"16927","6.25"
"16928","6.25"
"16929","6.25"
"16930","6.25"
"16931","6.25"
"16932","6.25"
"16933","6.25"
"16934","6.25"
"16935","6.25"
"16936","6.25"
"16937","6.25"
"16938","6.25"
"16939","6.25"
"16940","6.25"
"16941","6.25"
"16942","6.25"
"16943","6.25"
"16944","6.25"
"16945","6.25"
"16946","6.25"
"16947","6.25"
"16948","6.25"
"16949","6.25"
"16950","6.25"
"16951","6.25"
"16952","6.25"
"16953","6.25"
"16954","6.25"
"16955","6.25"
"16956","6.25"
"16957","6.25"
"16958","6.25"
"16959","6.25"
"16960","6.25"
"16961","6.25"
"16962","6.25"
"16963","6.25"
"16964","6.25"
"16965","6.25"
"16966","6.25"
"16967","6.25"
"16968","6.25"
"16969","6.25"
"16970","6.25"
"16971","6.25"
"16972","6.25"
"16973","6.25"
"16974","6.25"
"16975","6.25"
"16976","6.25"
"16977","6.25"
"16978","6.25"
"16979","6.25"
"16980","6.25"
"16981","6.25"
"16982","6.25"
"16983","6.25"
"16984","6.25"
"16985","6.25"
"16986","6.25"
"16987","6.25"
"16988","6.25"
"16989","6.25"
"16990","6.25"
"16991","6.25"
"16992","6.25"
"16993","6.25"
"16994","6.25"
"16995","6.25"
"16996","6.25"
"16997","6.25"
"16998","6.25"
"16999","6.25"
"17000","6.25"
"17001","6.25"
"17002","6.25"
"17003","6.25"
"17004","6.25"
"17005","6.25"
"17006","6.25"
"17007","6.25"
"17008","6.25"
"17009","6.25"
"17010","6.25"
"17011","6.25"
"17012","6.25"
"17013","6.25"
"17014","6.25"
"17015","6.25"
"17016","6.25"
"17017","6.25"
"17018","6.25"
"17019","6.25"
"17020","6.25"
"17021","6.25"
"17022","6.25"
"17023","6.25"
"17024","6.25"
"17025","6.25"
"17026","6.25"
"17027","6.25"
"17028","6.25"
"17029","6.25"
"17030","6.25"
"17031","6.25"
"17032","6.25"
"17033","6.25"
"17034","6.25"
"17035","6.25"
"17036","6.25"
"17037","6.25"
"17038","6.25"
"17039","6.25"
"17040","6.25"
"17041","6.25"
"17042","6.25"
"17043","6.25"
"17044","6.25"
"17045","6.25"
"17046","6.25"
"17047","6.25"
"17048","6.25"
"17049","6.25"
"17050","6.25"
"17051","6.25"
"17052","6.25"
"17053","6.25"
"17054","6.25"
"17055","6.25"
"17056","6.25"
"17057","6.25"
"17058","6.25"
"17059","6.25"
"17060","6.25"
"17061","6.25"
"17062","6.25"
"17063","6.25"
"17064","6.25"
"17065","6.25"
"17066","6.25"
"17067","6.25"
"17068","6.25"
"17069","6.25"
"17070","6.25"
"17071","6.25"
"17072","6.25"
"17073","6.25"
"17074","6.25"
"17075","6.25"
"17076","6.25"
"17077","6.25"
"17078","6.25"
"17079","6.25"
"17080","6.25"
"17081","6.25"
"17082","6.25"
"17083","6.25"
"17084","6.25"
"17085","6.25"
"17086","6.25"
"17087","6.25"
"17088","6.25"
"17089","6.25"
"17090","6.25"
"17091","6.25"
"17092","6.25"
"17093","6.25"
"17094","6.25"
"17095","6.25"
"17096","6.25"
"17097","6.25"
"17098","6.25"
"17099","6.25"
"17100","6.25"
"17101","6.25"
"17102","6.25"
"17103","6.25"
"17104","6.25"
"17105","6.25"
"17106","6.25"
"17107","6.25"
"17108","6.25"
"17109","6.25"
"17110","6.25"
"17111","6.25"
"17112","6.25"
"17113","6.25"
"17114","6.25"
"17115","6.25"
"17116","6.25"
"17117","6.25"
"17118","6.25"
"17119","6.25"
"17120","6.25"
"17121","6.25"
"17122","6.25"
"17123","6.25"
"17124","6.25"
"17125","6.25"
"17126","6.25"
"17127","6.25"
"17128","6.25"
"17129","6.25"
"17130","6.25"
"17131","6.25"
"17132","6.25"
"17133","6.25"
"17134","6.25"
"17135","6.25"
"17136","6.25"
"17137","6.25"
"17138","6.25"
"17139","6.25"
"17140","6.25"
"17141","6.25"
"17142","6.25"
"17143","6.25"
"17144","6.25"
"17145","6.25"
"17146","6.25"
"17147","6.25"
"17148","6.25"
"17149","6.25"
"17150","6.25"
"17151","6.25"
"17152","6.25"
"17153","6.25"
"17154","6.25"
"17155","6.25"
"17156","5.3"
"17157","5.3"
"17158","5.3"
"17159","5.18"
"17160","5.3"
"17161","5.3"
"17162","5.3"
"17163","5.18"
"17164","5.3"
"17165","5.3"
"17166","5.3"
"17167","5.18"
"17168","5.3"
"17169","5.3"
"17170","5.3"
"17171","5.3"
"17172","5.3"
"17173","5.18"
"17174","5.3"
"17175","6.25"
"17176","6.25"
"17177","6.25"
"17178","6.25"
"17179","6.25"
"17180","6.25"
"17181","6.25"
"17182","6.25"
"17183","6.25"
"17184","6.25"
"17185","6.25"
"17186","6.25"
"17187","6.25"
"17188","6.25"
"17189","6.25"
"17190","6.25"
"17191","6.25"
"17192","6.25"
"17193","6.25"
"17194","6.25"
"17195","6.25"
"17196","6.25"
"17197","6.25"
"17198","6.25"
"17199","6.25"
"17200","6.25"
"17201","6.25"
"17202","6.25"
"17203","6.25"
"17204","6.25"
"17205","6.25"
"17206","6.25"
"17207","6.25"
"17208","6.25"
"17209","6.25"
"17210","6.25"
"17211","6.25"
"17212","6.25"
"17213","6.25"
"17214","6.25"
"17215","6.25"
"17216","6.25"
"17217","6.25"
"17218","6.25"
"17219","6.25"
"17220","6.25"
"17221","6.25"
"17222","6.25"
"17223","6.25"
"17224","6.25"
"17225","6.25"
"17226","6.25"
"17227","6.25"
"17228","6.25"
"17229","6.25"
"17230","6.25"
"17231","6.25"
"17232","6.25"
"17233","6.25"
"17234","6.25"
"17235","6.25"
"17236","6.25"
"17237","6.25"
"17238","6.25"
"17239","6.25"
"17240","6.25"
"17241","6.25"
"17242","6.25"
"17243","6.25"
"17244","6.25"
"17245","6.25"
"17246","6.25"
"17247","6.25"
"17248","6.25"
"17249","6.25"
"17250","6.25"
"17251","6.25"
"17252","6.25"
"17253","6.25"
"17254","6.25"
"17255","6.25"
"17256","6.25"
"17257","6.25"
"17258","6.25"
"17259","6.25"
"17260","6.25"
"17261","6.25"
"17262","6.25"
"17263","6.25"
"17264","6.25"
"17265","6.25"
"17266","6.25"
"17267","6.25"
"17268","6.25"
"17269","6.25"
"17270","6.25"
"17271","6.25"
"17272","6.25"
"17273","6.25"
"17274","6.25"
"17275","6.25"
"17276","6.25"
"17277","6.25"
"17278","6.25"
"17279","6.25"
"17280","6.25"
"17281","6.25"
"17282","6.25"
"17283","6.25"
"17284","6.25"
"17285","6.25"
"17286","6.25"
"17287","6.25"
"17288","6.25"
"17289","6.25"
"17290","6.25"
"17291","6.25"
"17292","6.25"
"17293","6.25"
"17294","6.25"
"17295","6.25"
"17296","6.25"
"17297","6.25"
"17298","6.25"
"17299","6.25"
"17300","6.25"
"17301","6.25"
"17302","6.25"
"17303","6.25"
"17304","6.25"
"17305","6.25"
"17306","6.25"
"17307","6.25"
"17308","6.25"
"17309","6.25"
"17310","6.25"
"17311","6.25"
"17312","6.25"
"17313","6.25"
"17314","6.25"
"17315","6.25"
"17316","6.25"
"17317","6.25"
"17318","6.25"
"17319","6.38"
"17320","0"
"17321","6.25"
"17322","5.9"
"17323","6.2"
"17324","6.25"
"17325","6.25"
"17326","6.25"
"17327","6.25"
"17328","6.25"
"17329","6.25"
"17330","6.25"
"17331","6.25"
"17332","6.25"
"17333","6.25"
"17334","6.25"
"17335","6.25"
"17336","6.25"
"17337","6.25"
"17338","6.3"
"17339","5.55"
"17340","6.25"
"17341","0"
"17342","6.25"
"17343","6.25"
"17344","6.25"
"17345","6"
"17346","6.25"
"17347","0"
"17348","0"
"17349","5.6"
"17350","6.25"
"17351","5.6"
"17352","6.25"
"17353","6.25"
"17354","6.25"
"17355","6.25"
"17356","6.25"
"17357","6.1"
"17358","6.1"
"17359","6.4"
"17360","6.25"
"17361","6.25"
"17362","6.25"
"17363","6.25"
"17364","6.25"
"17365","6.25"
"17366","6.25"
"17367","6.25"
"17368","6.25"
"17369","5.4"
"17370","6.25"
"17371","6.25"
"17372","6.25"
"17373","6.25"
"17374","6.25"
"17375","6.25"
"17376","6.25"
"17377","6.25"
"17378","6.38"
"17379","0"
"17380","6.25"
"17381","6.2"
"17382","6.25"
"17383","6.2"
"17384","6.25"
"17385","6.25"
"17386","6.25"
"17387","5.9"
"17388","5.7"
"17389","6.1"
"17390","6.3"
"17391","5.7"
"17392","6.5"
"17393","6.5"
"17394","6.5"
"17395","6.2"
"17396","6.25"
"17397","6.4"
"17398","6.25"
"17399","6.25"
"17400","6.18"
"17401","6.25"
"17402","5.83"
"17403","5.83"
"17404","5.83"
"17405","6.25"
"17406","5.95"
"17407","5.95"
"17408","5.95"
"17409","5.95"
"17410","5.95"
"17411","5.95"
"17412","5.95"
"17413","5.95"
"17414","5.83"
"17415","5.83"
"17416","5.83"
"17417","5.83"
"17418","5.83"
"17419","5.83"
"17420","5.83"
"17421","5.83"
"17422","5.8"
"17423","5.83"
"17424","5.7"
"17425","5.7"
"17426","5.7"
"17427","6.25"
"17428","5.95"
"17429","6.25"
"17430","6.25"
"17431","5.73"
"17432","5.7"
"17433","5.72"
"17434","5.72"
"17435","6.06"
"17436","6.06"
"17437","5.7"
"17438","5.7"
"17439","5.83"
"17440","5.72"
"17441","5.72"
"17442","5.7"
"17443","5.95"
"17444","6.25"
"17445","6.25"
"17446","5.78"
"17447","6.25"
"17448","6.25"
"17449","6.25"
"17450","6.25"
"17451","6.18"
"17452","6.25"
"17453","5.78"
"17454","5.7"
"17455","5.7"
"17456","6.25"
"17457","5.95"
"17458","5.95"
"17459","5.95"
"17460","5.7"
"17461","5.7"
"17462","5.95"
"17463","5.7"
"17464","5.7"
"17465","6.25"
"17466","6.25"
"17467","6.25"
"17468","6.25"
"17469","6.25"
"17470","6.25"
"17471","6.25"
"17472","6.25"
"17473","6.25"
"17474","6.25"
"17475","6.25"
"17476","6.25"
"17477","6.25"
"17478","6.25"
"17479","6.25"
"17480","6.25"
"17481","6.25"
"17482","6.25"
"17483","6.25"
"17484","6.25"
"17485","6.25"
"17486","6.25"
"17487","6.25"
"17488","6.25"
"17489","6.25"
"17490","6.25"
"17491","6.25"
"17492","6.25"
"17493","6.25"
"17494","6.25"
"17495","6.25"
"17496","5.3"
"17497","6.25"
"17498","6.25"
"17499","6.25"
"17500","6.25"
"17501","6.25"
"17502","5.3"
"17503","6.25"
"17504","6.25"
"17505","6.25"
"17506","6.25"
"17507","6.25"
"17508","6.25"
"17509","6.25"
"17510","6.25"
"17511","6.25"
"17512","6.25"
"17513","6.25"
"17514","6.25"
"17515","6.25"
"17516","5.3"
"17517","6.25"
"17518","6.25"
"17519","6.25"
"17520","6.25"
"17521","6.25"
"17522","6.25"
"17523","6.25"
"17524","6.38"
"17525","6.38"
"17526","6.25"
"17527","6.25"
"17528","6.25"
"17529","6.25"
"17530","6.25"
"17531","6.25"
"17532","6.25"
"17533","6.25"
"17534","6.25"
"17535","6.38"
"17536","6.25"
"17537","6.38"
"17538","6.38"
"17539","6.38"
"17540","6.38"
"17541","6.25"
"17542","6.25"
"17543","6.25"
"17544","6.25"
"17545","6.25"
"17546","6.25"
"17547","6.25"
"17548","6.25"
"17549","6.25"
"17550","6.25"
"17551","6.25"
"17552","6.25"
"17553","6.25"
"17554","6.25"
"17555","6.25"
"17556","6.25"
"17557","6.25"
"17558","6.25"
"17559","6.25"
"17560","6.25"
"17561","6.25"
"17562","6.25"
"17563","6.25"
"17564","6.25"
"17565","6.25"
"17566","6.25"
"17567","6.25"
"17568","6.25"
"17569","6.25"
"17570","6.25"
"17571","6.25"
"17572","6.25"
"17573","6.25"
"17574","6.25"
"17575","6.25"
"17576","6.25"
"17577","6.25"
"17578","6.25"
"17579","6.25"
"17580","6.25"
"17581","6.25"
"17582","6.25"
"17583","6.25"
"17584","6.25"
"17585","6.25"
"17586","6.25"
"17587","6.25"
"17588","6.25"
"17589","6.25"
"17590","6.25"
"17591","6.25"
"17592","6.25"
"17593","6.25"
"17594","6.25"
"17595","6.25"
"17596","6.25"
"17597","6.25"
"17598","6.25"
"17599","6.25"
"17600","6.25"
"17601","6.25"
"17602","6.25"
"17603","6.25"
"17604","6.25"
"17605","6.25"
"17606","6.25"
"17607","6.25"
"17608","6.25"
"17609","6.25"
"17610","6.25"
"17611","6.25"
"17612","6.25"
"17613","6.25"
"17614","6.25"
"17615","6.25"
"17616","6.25"
"17617","6.25"
"17618","6.25"
"17619","6.25"
"17620","6.25"
"17621","6.25"
"17622","6.25"
"17623","6.25"
"17624","6.25"
"17625","6.25"
"17626","6.25"
"17627","6.25"
"17628","6.25"
"17629","6.25"
"17630","6.25"
"17631","6.25"
"17632","6.25"
"17633","6.25"
"17634","6.25"
"17635","6.25"
"17636","6.25"
"17637","6.25"
"17638","6.25"
"17639","6.25"
"17640","6.25"
"17641","6.25"
"17642","6.25"
"17643","6.25"
"17644","6.25"
"17645","6.25"
"17646","6.25"
"17647","6.25"
"17648","6.25"
"17649","6.25"
"17650","6.25"
"17651","6.25"
"17652","6.25"
"17653","6.25"
"17654","6.25"
"17655","6.25"
"17656","6.25"
"17657","6.25"
"17658","6.25"
"17659","6.25"
"17660","6.25"
"17661","6.25"
"17662","6.25"
"17663","6.25"
"17664","6.25"
"17665","6.25"
"17666","6.25"
"17667","6.25"
"17668","6.25"
"17669","6.25"
"17670","6.25"
"17671","6.25"
"17672","6.25"
"17673","6.25"
"17674","6.25"
"17675","6.25"
"17676","6.25"
"17677","6.25"
"17678","6.25"
"17679","6.25"
"17680","6.25"
"17681","6.25"
"17682","6.25"
"17683","6.25"
"17684","6.25"
"17685","6.25"
"17686","6.25"
"17687","6.25"
"17688","6.25"
"17689","6.25"
"17690","6.25"
"17691","6.25"
"17692","6.25"
"17693","6.25"
"17694","6.25"
"17695","6.25"
"17696","6.25"
"17697","6.25"
"17698","6.25"
"17699","6.25"
"17700","6.25"
"17701","6.25"
"17702","6.25"
"17703","6.25"
"17704","6.25"
"17705","6.25"
"17706","6.25"
"17707","6.25"
"17708","6.25"
"17709","6.25"
"17710","6.25"
"17711","6.25"
"17712","6.25"
"17713","6.25"
"17714","6.25"
"17715","6.25"
"17716","6.25"
"17717","6.25"
"17718","6.25"
"17719","6.25"
"17720","6.25"
"17721","6.25"
"17722","6.25"
"17723","6.25"
"17724","6.25"
"17725","6.25"
"17726","6.25"
"17727","6.25"
"17728","6.25"
"17729","6.25"
"17730","6.25"
"17731","6.25"
"17732","6.25"
"17733","6.25"
"17734","6.25"
"17735","6.25"
"17736","6.25"
"17737","6.25"
"17738","6.25"
"17739","6.25"
"17740","6.25"
"17741","6.25"
"17742","6.25"
"17743","6.25"
"17744","6.25"
"17745","6.25"
"17746","6.25"
"17747","6.25"
"17748","6.25"
"17749","6.25"
"17750","6.25"
"17751","6.25"
"17752","6.25"
"17753","6.25"
"17754","6.25"
"17755","6.25"
"17756","6.25"
"17757","6.25"
"17758","6.25"
"17759","6.25"
"17760","6.25"
"17761","6.25"
"17762","6.25"
"17763","6.25"
"17764","6.25"
"17765","6.25"
"17766","6.25"
"17767","6.25"
"17768","6.25"
"17769","6.25"
"17770","6.25"
"17771","6.25"
"17772","6.25"
"17773","6.25"
"17774","6.25"
"17775","6.25"
"17776","6.25"
"17777","6.25"
"17778","6.25"
"17779","6.25"
"17780","6.25"
"17781","6.25"
"17782","6.25"
"17783","6.29"
"17784","6.25"
"17785","6.25"
"17786","6.25"
"17787","6.25"
"17788","6.25"
"17789","6.25"
"17790","6.25"
"17791","6.25"
"17792","6.25"
"17793","6.25"
"17794","6.25"
"17795","6.25"
"17796","6.25"
"17797","6.25"
"17798","6.25"
"17799","6.25"
"17800","6.25"
"17801","6.25"
"17802","6.25"
"17803","6.25"
"17804","6.25"
"17805","6.25"
"17806","6.25"
"17807","6.25"
"17808","6.25"
"17809","6.25"
"17810","6.25"
"17811","6.25"
"17812","6.25"
"17813","6.25"
"17814","6.25"
"17815","5.3"
"17816","5.3"
"17817","5.3"
"17818","5.3"
"17819","5.3"
"17820","5.8"
"17821","5.3"
"17822","5.3"
"17823","5.3"
"17824","5.3"
"17825","5.3"
"17826","5.3"
"17827","5.3"
"17828","5.18"
"17829","5.3"
"17830","5.3"
"17831","5.3"
"17832","5.3"
"17833","5.3"
"17834","5.3"
"17835","5.3"
"17836","6.25"
"17837","6.25"
"17838","6.25"
"17839","6.25"
"17840","6.25"
"17841","6.25"
"17842","6.25"
"17843","6.25"
"17844","6.25"
"17845","6.25"
"17846","6.25"
"17847","6.25"
"17848","6.25"
"17849","6.25"
"17850","6.25"
"17851","6.25"
"17852","6.25"
"17853","6.25"
"17854","6.25"
"17855","6.25"
"17856","6.25"
"17857","6.25"
"17858","6.25"
"17859","6.25"
"17860","6.25"
"17861","6.25"
"17862","6.25"
"17863","6.25"
"17864","6.25"
"17865","6.25"
"17866","6.25"
"17867","6.25"
"17868","6.25"
"17869","6.25"
"17870","6.25"
"17871","6.25"
"17872","6.25"
"17873","6.25"
"17874","6.25"
"17875","6.25"
"17876","6.25"
"17877","6.25"
"17878","6.25"
"17879","6.25"
"17880","6.25"
"17881","6.25"
"17882","6.25"
"17883","6.25"
"17884","6.25"
"17885","6.25"
"17886","6.25"
"17887","6.25"
"17888","6.25"
"17889","6.25"
"17890","6.25"
"17891","6.25"
"17892","6.25"
"17893","6.25"
"17894","6.25"
"17895","6.25"
"17896","6.25"
"17897","6.25"
"17898","6.25"
"17899","6.25"
"17900","6.25"
"17901","6.25"
"17902","6.25"
"17903","6.25"
"17904","6.25"
"17905","6.25"
"17906","6.25"
"17907","6.25"
"17908","6.25"
"17909","6.25"
"17910","6.25"
"17911","6.25"
"17912","6.25"
"17913","6.25"
"17914","6.25"
"17915","6.25"
"17916","6.25"
"17917","6.25"
"17918","6.25"
"17919","6.25"
"17920","6.25"
"17921","6.25"
"17922","6.25"
"17923","6.25"
"17924","6.25"
"17925","6.25"
"17926","6.25"
"17927","6.25"
"17928","6.25"
"17929","6.25"
"17930","6.25"
"17931","6.25"
"17932","6.25"
"17933","6.25"
"17934","6.25"
"17935","6.25"
"17936","6.25"
"17937","6.25"
"17938","6.25"
"17939","6.25"
"17940","6.25"
"17941","6.25"
"17942","6.25"
"17943","6.25"
"17944","6.25"
"17945","6.25"
"17946","6.25"
"17947","6.25"
"17948","6.25"
"17949","6.25"
"17950","6.25"
"17951","6.25"
"17952","6.25"
"17953","6.25"
"17954","6.25"
"17955","6.25"
"17956","6.25"
"17957","6.25"
"17958","6.25"
"17959","6.25"
"17960","6.25"
"17961","6.25"
"17962","6.25"
"17963","6.25"
"17964","6.25"
"17965","6.25"
"17966","6.25"
"17967","6.25"
"17968","6.25"
"17969","6.25"
"17970","6.25"
"17971","6.25"
"17972","6.25"
"17973","6.25"
"17974","6.25"
"17975","6.25"
"17976","6.25"
"17977","6.25"
"17978","0"
"17979","6.2"
"17980","6.25"
"17981","6.25"
"17982","0"
"17983","5.46"
"17984","6.25"
"17985","5.5"
"17986","6.25"
"17987","5.3"
"17988","6.25"
"17989","5.63"
"17990","5.63"
"17991","0"
"17992","5.55"
"17993","5.55"
"17994","5.55"
"17995","5.55"
"17996","0"
"17997","0"
"17998","6.25"
"17999","5.6"
"18000","5.6"
"18001","6.25"
"18002","6.25"
"18003","6.25"
"18004","6.25"
"18005","5.6"
"18006","6.25"
"18007","5.6"
"18008","6.25"
"18009","5.8"
"18010","6.25"
"18011","6.25"
"18012","6.25"
"18013","5.6"
"18014","0"
"18015","6.25"
"18016","6.25"
"18017","6.25"
"18018","6.25"
"18019","6.25"
"18020","6.25"
"18021","6.25"
"18022","6.25"
"18023","6.25"
"18024","6.25"
"18025","6.25"
"18026","6.25"
"18027","6.4"
"18028","6.2"
"18029","6.4"
"18030","6.25"
"18031","6.25"
"18032","6.25"
"18033","6.25"
"18034","6.25"
"18035","6.25"
"18036","6.25"
"18037","6.25"
"18038","0"
"18039","6.25"
"18040","6.25"
"18041","0"
"18042","0"
"18043","0"
"18044","6.2"
"18045","5.6"
"18046","5.8"
"18047","5.8"
"18048","5.7"
"18049","6.25"
"18050","6.3"
"18051","6.1"
"18052","5.9"
"18053","5.6"
"18054","6.3"
"18055","6.25"
"18056","6.25"
"18057","6.5"
"18058","6.5"
"18059","6.5"
"18060","5.63"
"18061","5.55"
"18062","5.55"
"18063","5.55"
"18064","6.25"
"18065","6.25"
"18066","6.25"
"18067","6.25"
"18068","6.25"
"18069","5.7"
"18070","5.7"
"18071","6.25"
"18072","5.83"
"18073","5.95"
"18074","5.95"
"18075","5.83"
"18076","5.95"
"18077","5.95"
"18078","5.95"
"18079","5.95"
"18080","5.95"
"18081","5.95"
"18082","5.95"
"18083","5.95"
"18084","5.7"
"18085","6.25"
"18086","6.25"
"18087","5.83"
"18088","5.83"
"18089","5.83"
"18090","5.83"
"18091","6.31"
"18092","5.7"
"18093","5.7"
"18094","5.83"
"18095","6.25"
"18096","5.78"
"18097","5.78"
"18098","5.79"
"18099","5.79"
"18100","5.78"
"18101","5.78"
"18102","5.79"
"18103","5.79"
"18104","5.73"
"18105","5.7"
"18106","5.7"
"18107","5.83"
"18108","5.83"
"18109","5.83"
"18110","5.95"
"18111","5.83"
"18112","5.83"
"18113","5.83"
"18114","5.83"
"18115","6.25"
"18116","6.25"
"18117","6.25"
"18118","6.25"
"18119","5.7"
"18120","6.25"
"18121","5.95"
"18122","5.7"
"18123","5.78"
"18124","5.95"
"18125","5.95"
"18126","5.95"
"18127","5.95"
"18128","5.95"
"18129","5.7"
"18130","5.78"
"18131","6.25"
"18132","6.25"
"18133","6.25"
"18134","6.25"
"18135","6.25"
"18136","6.25"
"18137","6.25"
"18138","6.25"
"18139","6.25"
"18140","6.25"
"18141","6.25"
"18142","6.25"
"18143","6.25"
"18144","6.25"
"18145","6.25"
"18146","6.25"
"18147","6.25"
"18148","6.25"
"18149","6.25"
"18150","6.25"
"18151","6.25"
"18152","6.25"
"18153","6.25"
"18154","6.25"
"18155","6.25"
"18156","6.25"
"18157","6.25"
"18158","6.25"
"18159","5.3"
"18160","6.25"
"18161","6.25"
"18162","5.3"
"18163","6.25"
"18164","5.3"
"18165","5.3"
"18166","6.25"
"18167","6.25"
"18168","5.3"
"18169","6.25"
"18170","6.25"
"18171","6.25"
"18172","6.25"
"18173","6.25"
"18174","6.25"
"18175","6.25"
"18176","6.25"
"18177","6.25"
"18178","5.3"
"18179","6.25"
"18180","6.25"
"18181","6.25"
"18182","5.3"
"18183","5.3"
"18184","6.25"
"18185","6.38"
"18186","5.46"
"18187","6.25"
"18188","6.25"
"18189","6.25"
"18190","6.25"
"18191","6.25"
"18192","6.25"
"18193","6.25"
"18194","6.25"
"18195","6.25"
"18196","6.25"
"18197","6.38"
"18198","6.38"
"18199","6.38"
"18200","6.25"
"18201","6.38"
"18202","6.25"
"18203","6.25"
"18204","6.25"
"18205","6.25"
"18206","6.25"
"18207","6.25"
"18208","6.25"
"18209","6.25"
"18210","6.25"
"18211","6.25"
"18212","6.25"
"18213","6.25"
"18214","6.25"
"18215","6.25"
"18216","6.25"
"18217","6.25"
"18218","6.25"
"18219","6.25"
"18220","6.25"
"18221","6.25"
"18222","6.25"
"18223","6.25"
"18224","6.25"
"18225","6.25"
"18226","6.25"
"18227","6.25"
"18228","6.25"
"18229","6.25"
"18230","6.25"
"18231","6.25"
"18232","6.25"
"18233","6.25"
"18234","6.25"
"18235","6.25"
"18236","6.25"
"18237","6.25"
"18238","6.25"
"18239","6.25"
"18240","6.25"
"18241","6.25"
"18242","6.25"
"18243","6.25"
"18244","6.25"
"18245","6.25"
"18246","6.25"
"18247","6.25"
"18248","6.25"
"18249","6.25"
"18250","6.25"
"18251","6.25"
"18252","6.25"
"18253","6.25"
"18254","6.25"
"18255","6.25"
"18256","6.25"
"18257","6.25"
"18258","6.25"
"18259","6.25"
"18260","6.25"
"18261","6.25"
"18262","6.25"
"18263","6.25"
"18264","6.25"
"18265","6.25"
"18266","6.25"
"18267","6.25"
"18268","6.25"
"18269","6.25"
"18270","6.25"
"18271","6.25"
"18272","6.25"
"18273","6.25"
"18274","6.25"
"18275","6.25"
"18276","6.25"
"18277","6.25"
"18278","6.25"
"18279","6.25"
"18280","6.25"
"18281","6.25"
"18282","6.25"
"18283","6.25"
"18284","6.25"
"18285","6.25"
"18286","6.25"
"18287","6.25"
"18288","6.25"
"18289","6.25"
"18290","6.25"
"18291","6.25"
"18292","6.25"
"18293","6.25"
"18294","6.25"
"18295","6.25"
"18296","6.25"
"18297","6.25"
"18298","6.25"
"18299","6.25"
"18300","6.25"
"18301","6.25"
"18302","6.25"
"18303","6.25"
"18304","6.25"
"18305","6.25"
"18306","6.25"
"18307","6.25"
"18308","6.25"
"18309","6.25"
"18310","6.25"
"18311","6.25"
"18312","6.25"
"18313","6.25"
"18314","6.25"
"18315","6.25"
"18316","6.25"
"18317","6.25"
"18318","6.25"
"18319","6.25"
"18320","6.25"
"18321","6.25"
"18322","6.25"
"18323","6.25"
"18324","6.25"
"18325","6.25"
"18326","6.25"
"18327","6.25"
"18328","6.25"
"18329","6.25"
"18330","6.25"
"18331","6.25"
"18332","6.29"
"18333","6.29"
"18334","6.25"
"18335","6.25"
"18336","6.25"
"18337","6.25"
"18338","6.25"
"18339","6.25"
"18340","6.25"
"18341","6.25"
"18342","6.25"
"18343","6.25"
"18344","6.25"
"18345","6.25"
"18346","6.25"
"18347","6.25"
"18348","6.28"
"18349","6.25"
"18350","6.25"
"18351","6.25"
"18352","6.25"
"18353","6.25"
"18354","6.25"
"18355","6.25"
"18356","6.25"
"18357","6.25"
"18358","6.25"
"18359","6.25"
"18360","6.25"
"18361","6.25"
"18362","6.25"
"18363","6.25"
"18364","6.25"
"18365","6.25"
"18366","6.25"
"18367","6.25"
"18368","6.25"
"18369","6.25"
"18370","6.25"
"18371","6.25"
"18372","6.25"
"18373","6.25"
"18374","6.25"
"18375","6.25"
"18376","6.25"
"18377","6.25"
"18378","6.25"
"18379","6.25"
"18380","6.25"
"18381","6.25"
"18382","6.25"
"18383","6.25"
"18384","6.25"
"18385","6.25"
"18386","6.25"
"18387","6.25"
"18388","6.25"
"18389","6.25"
"18390","6.25"
"18391","6.25"
"18392","6.25"
"18393","6.25"
"18394","6.25"
"18395","6.25"
"18396","6.25"
"18397","6.25"
"18398","6.25"
"18399","6.25"
"18400","6.25"
"18401","6.25"
"18402","6.25"
"18403","6.25"
"18404","6.25"
"18405","6.25"
"18406","6.25"
"18407","6.25"
"18408","6.25"
"18409","6.25"
"18410","6.25"
"18411","6.25"
"18412","6.25"
"18413","6.25"
"18414","6.25"
"18415","6.25"
"18416","6.25"
"18417","6.25"
"18418","6.25"
"18419","6.25"
"18420","6.25"
"18421","6.25"
"18422","6.25"
"18423","6.25"
"18424","6.25"
"18425","6.25"
"18426","6.25"
"18427","6.25"
"18428","6.25"
"18429","6.25"
"18430","6.25"
"18431","6.25"
"18432","6.25"
"18433","5.3"
"18434","5.3"
"18435","5.3"
"18436","5.3"
"18437","5.3"
"18438","5.3"
"18439","5.3"
"18440","5.3"
"18441","5.3"
"18442","5.3"
"18443","5.3"
"18444","5.3"
"18445","5.3"
"18446","5.3"
"18447","5.18"
"18448","5.18"
"18449","5.18"
"18450","5.3"
"18451","5.3"
"18452","5.3"
"18453","5.3"
"18454","5.3"
"18455","5.3"
"18456","5.3"
"18457","5.3"
"18458","5.3"
"18459","5.3"
"18460","5.3"
"18461","5.3"
"18462","5.3"
"18463","5.3"
"18464","5.3"
"18465","5.3"
"18466","5.3"
"18467","5.3"
"18468","5.3"
"18469","5.8"
"18470","6.25"
"18471","5.3"
"18472","5.3"
"18473","5.3"
"18474","5.3"
"18475","5.3"
"18476","5.3"
"18477","5.3"
"18478","5.3"
"18479","5.3"
"18480","5.3"
"18481","5.3"
"18482","6.25"
"18483","6.25"
"18484","6.25"
"18485","6.25"
"18486","6.25"
"18487","6.25"
"18488","6.25"
"18489","6.25"
"18490","6.25"
"18491","6.25"
"18492","6.25"
"18493","6.25"
"18494","6.25"
"18495","6.25"
"18496","6.25"
"18497","6.25"
"18498","6.25"
"18499","6.25"
"18500","6.25"
"18501","6.25"
"18502","6.25"
"18503","6.25"
"18504","6.25"
"18505","6.25"
"18506","6.25"
"18507","6.25"
"18508","6.25"
"18509","6.25"
"18510","6.25"
"18511","6.25"
"18512","6.25"
"18513","6.25"
"18514","6.25"
"18515","6.25"
"18516","6.25"
"18517","6.25"
"18518","6.25"
"18519","6.25"
"18520","6.25"
"18521","6.25"
"18522","6.25"
"18523","6.25"
"18524","6.25"
"18525","6.25"
"18526","6.25"
"18527","6.25"
"18528","6.25"
"18529","6.25"
"18530","6.2"
"18531","6.25"
"18532","6.25"
"18533","6.3"
"18534","6.25"
"18535","6.25"
"18536","6.25"
"18537","6.25"
"18538","5.7"
"18539","5.95"
"18540","6.1"
"18541","5.9"
"18542","6.5"
"18543","6.5"
"18544","6.25"
"18545","6.5"
"18546","6.25"
"18547","6.25"
"18548","6.25"
"18549","6.25"
"18550","6.25"
"18551","6.25"
"18552","6.25"
"18553","6.25"
"18554","6.25"
"18555","6.25"
"18556","6.25"
"18557","6.25"
"18558","6.25"
"18559","6.25"
"18560","6.25"
"18561","6.25"
"18562","6.25"
"18563","6.25"
"18564","6.25"
"18565","6.25"
"18566","6.25"
"18567","6.25"
"18568","6.25"
"18569","5.83"
"18570","5.83"
"18571","5.83"
"18572","6.25"
"18573","5.83"
"18574","6.25"
"18575","6.25"
"18576","6.25"
"18577","6.3"
"18578","6.37"
"18579","6.2"
"18580","6.15"
"18581","6.07"
"18582","6.11"
"18583","6.17"
"18584","6.05"
"18585","6.25"
"18586","6.25"
"18587","6.25"
"18588","6.25"
"18589","6.25"
"18590","6.25"
"18591","6.25"
"18592","6.25"
"18593","6.25"
"18594","6.25"
"18595","6.25"
"18596","6.25"
"18597","6.25"
"18598","6.25"
"18599","6.25"
"18600","6.25"
"18601","6.25"
"18602","6.25"
"18603","6.25"
"18604","6.25"
"18605","6.25"
"18606","6.25"
"18607","6.25"
"18608","6.25"
"18609","6.25"
"18610","6.25"
"18611","6.25"
"18612","6.25"
"18613","6.25"
"18614","6.25"
"18615","6.25"
"18616","6.25"
"18617","6.25"
"18618","6.25"
"18619","6.25"
"18620","6.25"
"18621","6.25"
"18622","6.25"
"18623","6.25"
"18624","6.25"
"18625","6.25"
"18626","6.25"
"18627","6.25"
"18628","6.25"
"18629","6.25"
"18630","6.25"
"18631","6.25"
"18632","6.25"
"18633","6.25"
"18634","6.25"
"18635","6.25"
"18636","6.25"
"18637","6.25"
"18638","6.25"
"18639","6.07"
"18640","6.07"
"18641","6.25"
"18642","6.25"
"18643","6.25"
"18644","6.25"
"18645","6.25"
"18646","6.25"
"18647","6.25"
"18648","6.25"
"18649","6.25"
"18650","6.25"
"18651","6.25"
"18652","6.25"
"18653","6.25"
"18654","6.25"
"18655","6.25"
"18656","6.25"
"18657","6.25"
"18658","6.25"
"18659","6.25"
"18660","6.25"
"18661","6.25"
"18662","6.25"
"18663","6.25"
"18664","6.25"
"18665","6.25"
"18666","6.25"
"18667","6.25"
"18668","6.25"
"18669","6.25"
"18670","0"
"18671","0"
"18672","6.25"
"18673","6.25"
"18674","6.25"
"18675","6.25"
"18676","6.25"
"18677","6.25"
"18678","6.25"
"18679","6.25"
"18680","6.25"
"18681","6.25"
"18682","6.25"
"18683","6.25"
"18684","6.25"
"18685","6.25"
"18686","6.25"
"18687","6.25"
"18688","6.25"
"18689","6.25"
"18690","6.25"
"18691","6.25"
"18692","6.25"
"18693","6.25"
"18694","6.25"
"18695","6.25"
"18696","6.25"
"18697","6.25"
"18698","6.25"
"18699","6.25"
"18700","6.25"
"18701","6.25"
"18702","6.25"
"18703","6.25"
"18704","6.25"
"18705","6.25"
"18706","6.25"
"18707","6.25"
"18708","6.25"
"18709","6.25"
"18710","6.25"
"18711","6.25"
"18712","6.25"
"18713","6.25"
"18714","6.25"
"18715","6.25"
"18716","6.25"
"18717","6.25"
"18718","6.25"
"18719","6.25"
"18720","6.25"
"18721","6.25"
"18722","6.25"
"18723","6.25"
"18724","6.25"
"18725","6.25"
"18726","6.25"
"18727","6.25"
"18728","6.25"
"18729","6.25"
"18730","6.25"
"18731","6.25"
"18732","6.25"
"18733","6.25"
"18734","6.25"
"18735","6.25"
"18736","6.25"
"18737","6.25"
"18738","6.25"
"18739","6.25"
"18740","6.25"
"18741","6.25"
"18742","6.25"
"18743","6.25"
"18744","6.25"
"18745","6.25"
"18746","6.25"
"18747","6.25"
"18748","6.25"
"18749","6.25"
"18750","6.25"
"18751","6.25"
"18752","6.25"
"18753","6.25"
"18754","6.25"
"18755","6.25"
"18756","6.25"
"18757","6.25"
"18758","6.25"
"18759","6.25"
"18760","6.25"
"18761","6.25"
"18762","6.25"
"18763","6.25"
"18764","6.25"
"18765","6.25"
"18766","6.25"
"18767","6.25"
"18768","6.25"
"18769","6.25"
"18770","5.3"
"18771","5.3"
"18772","5.3"
"18773","5.3"
"18774","5.3"
"18775","5.3"
"18776","5.3"
"18777","5.3"
"18778","5.3"
"18779","5.3"
"18780","5.3"
"18781","5.3"
"18782","5.3"
"18783","5.3"
"18784","5.3"
"18785","5.18"
"18786","5.18"
"18787","5.46"
"18788","5.3"
"18789","5.3"
"18790","5.3"
"18791","5.3"
"18792","5.3"
"18793","5.3"
"18794","5.3"
"18795","5.3"
"18796","5.3"
"18797","5.3"
"18798","5.3"
"18799","5.3"
"18800","5.3"
"18801","5.3"
"18802","5.3"
"18803","5.3"
"18804","5.3"
"18805","5.3"
"18806","5.3"
"18807","5.3"
"18808","5.3"
"18809","5.3"
"18810","5.3"
"18811","6.25"
"18812","5.3"
"18813","5.3"
"18814","6.25"
"18815","6.25"
"18816","6.25"
"18817","6.25"
"18818","6.25"
"18819","6.25"
"18820","6.25"
"18821","6.25"
"18822","6.25"
"18823","6.25"
"18824","6.25"
"18825","6.25"
"18826","6.25"
"18827","6.25"
"18828","6.25"
"18829","6.25"
"18830","6.25"
"18831","6.25"
"18832","6.25"
"18833","6.25"
"18834","6.25"
"18835","6.25"
"18836","6.25"
"18837","6.25"
"18838","6.25"
"18839","6.25"
"18840","6.25"
"18841","6.25"
"18842","6.25"
"18843","6.25"
"18844","6.25"
"18845","6.25"
"18846","6.25"
"18847","6.25"
"18848","6.25"
"18849","6.25"
"18850","6.25"
"18851","6.25"
"18852","6.25"
"18853","6.25"
"18854","6.25"
"18855","6.25"
"18856","6.25"
"18857","6.25"
"18858","6.25"
"18859","6.25"
"18860","6.25"
"18861","6.25"
"18862","6.1"
"18863","6.25"
"18864","6.25"
"18865","5.7"
"18866","5.7"
"18867","5.9"
"18868","5.7"
"18869","5.4"
"18870","5.5"
"18871","5.18"
"18872","6.25"
"18873","5.55"
"18874","6.25"
"18875","6.25"
"18876","6.25"
"18877","6.25"
"18878","6.25"
"18879","6.25"
"18880","6.25"
"18881","6.25"
"18882","6.25"
"18883","6.25"
"18884","6.25"
"18885","6.25"
"18886","6.25"
"18887","6.25"
"18888","6.25"
"18889","6.25"
"18890","6.25"
"18891","5.85"
"18892","5.85"
"18893","6.25"
"18894","6.25"
"18895","6.25"
"18896","6.25"
"18897","5.83"
"18898","6.29"
"18899","6.11"
"18900","6.11"
"18901","6.11"
"18902","6.03"
"18903","6.17"
"18904","6.09"
"18905","6.07"
"18906","6.25"
"18907","6.38"
"18908","6.25"
"18909","6.25"
"18910","6.25"
"18911","6.25"
"18912","6.25"
"18913","6.25"
"18914","6.25"
"18915","6.25"
"18916","6.25"
"18917","6.25"
"18918","6.25"
"18919","6.25"
"18920","6.25"
"18921","6.25"
"18922","6.25"
"18923","6.25"
"18924","6.25"
"18925","6.25"
"18926","6.25"
"18927","6.25"
"18928","6.25"
"18929","6.25"
"18930","6.25"
"18931","6.25"
"18932","6.25"
"18933","6.25"
"18934","6.25"
"18935","6.25"
"18936","6.25"
"18937","6.25"
"18938","6.25"
"18939","6.25"
"18940","6.25"
"18941","6.25"
"18942","6.25"
"18943","6.25"
"18944","6.25"
"18945","6.25"
"18946","6.25"
"18947","6.25"
"18948","6.25"
"18949","6.25"
"18950","6.25"
"18951","6.25"
"18952","6.25"
"18953","6.25"
"18954","6.25"
"18955","6.25"
"18956","6.25"
"18957","6.25"
"18958","6.25"
"18959","6.25"
"18960","6.25"
"18961","6.25"
"18962","6.25"
"18963","6.25"
"18964","6.25"
"18965","6.25"
"18966","6.25"
"18967","6.25"
"18968","6.25"
"18969","6.25"
"18970","6.25"
"18971","6.25"
"18972","6.25"
"18973","6.25"
"18974","6.38"
"18975","6.38"
"18976","6.38"
"18977","6.38"
"18978","6.38"
"18979","6.38"
"18980","6.38"
"18981","6.38"
"18982","6.38"
"18983","6.38"
"18984","6.38"
"18985","6.38"
"18986","6.38"
"18987","6.38"
"18988","6.38"
"18989","6.38"
"18990","6.38"
"18991","6.38"
"18992","6.38"
"18993","6.38"
"18994","6.25"
"18995","3.68"
"18996","6.29"
"18997","6.35"
"18998","6.29"
"18999","6.29"
"19000","6.29"
"19001","6.38"
"19002","6.38"
"19003","6.38"
"19004","6.38"
"19005","6.38"
"19006","6.38"
"19007","6.38"
"19008","6.38"
"19009","6.38"
"19010","6.38"
"19011","6.38"
"19012","6.38"
"19013","6.38"
"19014","6.38"
"19015","6.38"
"19016","6.38"
"19017","6.38"
"19018","6.38"
"19019","6.38"
"19020","6.38"
"19021","6.38"
"19022","6.38"
"19023","6.38"
"19024","6.25"
"19025","6.38"
"19026","6.25"
"19027","6.38"
"19028","6.38"
"19029","6.25"
"19030","6.38"
"19031","6.38"
"19032","6.38"
"19033","6.38"
"19034","6.38"
"19035","6.38"
"19036","6.38"
"19037","6.38"
"19038","6.38"
"19039","6.38"
"19040","6.38"
"19041","6.38"
"19042","6.25"
"19043","6.38"
"19044","6.38"
"19045","6.38"
"19046","6.38"
"19047","6.25"
"19048","6.25"
"19049","6.25"
"19050","6.25"
"19051","6.25"
"19052","6.25"
"19053","6.25"
"19054","6.18"
"19055","6.25"
"19056","6.25"
"19057","6.25"
"19058","6.25"
"19059","5.4"
"19060","6.25"
"19061","5.35"
"19062","6.25"
"19063","5.35"
"19064","6.25"
"19065","6.25"
"19066","6.25"
"19067","6.25"
"19068","6.25"
"19069","6.25"
"19070","6.25"
"19071","6.25"
"19072","6.25"
"19073","6.25"
"19074","6.25"
"19075","6.25"
"19076","6.25"
"19077","6.25"
"19078","6.25"
"19079","6.25"
"19080","6.25"
"19081","6.25"
"19082","6.25"
"19083","6.25"
"19084","6.25"
"19085","6.25"
"19086","6.25"
"19087","6.25"
"19088","6.25"
"19089","5.9"
"19090","6.1"
"19091","6.1"
"19092","6.1"
"19093","5.83"
"19094","5.95"
"19095","6"
"19096","6.03"
"19097","5.85"
"19098","6"
"19099","5.7"
"19100","6.25"
"19101","6.25"
"19102","6.25"
"19103","6.25"
"19104","6.2"
"19105","6.25"
"19106","6.25"
"19107","6.25"
"19108","6.25"
"19109","6.25"
"19110","6.25"
"19111","6.25"
"19112","6.25"
"19113","6.25"
"19114","6.25"
"19115","6.25"
"19116","6.25"
"19117","6.25"
"19118","0"
"19119","0"
"19120","0"
"19121","0"
"19122","0"
"19123","0"
"19124","0"
"19125","6.38"
"19126","6.25"
"19127","6.25"
"19128","6.25"
"19129","6.25"
"19130","0"
"19131","0"
"19132","0"
"19133","0"
"19134","0"
"19135","0"
"19136","0"
"19137","0"
"19138","6.25"
"19139","6.93"
"19140","6.38"
"19141","6.25"
"19142","6.25"
"19143","6.25"
"19144","6.25"
"19145","6.25"
"19146","6.25"
"19147","6.25"
"19148","6.25"
"19149","6.25"
"19150","6.25"
"19151","6.25"
"19152","6.25"
"19153","6.25"
"19154","6.25"
"19155","6.25"
"19156","6.25"
"19157","6.25"
"19158","6.25"
"19159","6.25"
"19160","6.25"
"19161","6.25"
"19162","6.25"
"19163","6.25"
"19164","6.25"
"19165","6.25"
"19166","6.25"
"19167","6.25"
"19168","6.25"
"19169","6.25"
"19170","6.25"
"19171","6.25"
"19172","6.25"
"19173","6.25"
"19174","6.25"
"19175","6.25"
"19176","6.25"
"19177","6.25"
"19178","6.25"
"19179","6.25"
"19180","6.25"
"19181","6.25"
"19182","6.25"
"19183","6.25"
"19184","6.25"
"19185","6.25"
"19186","6.25"
"19187","6.25"
"19188","6.25"
"19189","6.25"
"19190","6.25"
"19191","6.25"
"19192","6.25"
"19193","6.25"
"19194","6.25"
"19195","6.25"
"19196","6.25"
"19197","6.25"
"19198","6.25"
"19199","6.25"
"19200","6.25"
"19201","6.25"
"19202","6.25"
"19203","6.25"
"19204","6.25"
"19205","6.25"
"19206","6.25"
"19207","6.25"
"19208","6.25"
"19209","6.25"
"19210","6.25"
"19211","6.25"
"19212","6.25"
"19213","6.25"
"19214","6.25"
"19215","6.25"
"19216","6.25"
"19217","6.25"
"19218","6.25"
"19219","6.25"
"19220","6.25"
"19221","6.25"
"19222","6.25"
"19223","6.25"
"19224","6.25"
"19225","6.25"
"19226","6.25"
"19227","6.25"
"19228","6.25"
"19229","6.25"
"19230","6.25"
"19231","6.25"
"19232","6.25"
"19233","6.25"
"19234","6.25"
"19235","6.25"
"19236","6.25"
"19237","6.25"
"19238","6.25"
"19239","6.25"
"19240","6.25"
"19241","6.25"
"19242","6.25"
"19243","6.25"
"19244","6.25"
"19245","6.25"
"19246","6.25"
"19247","6.25"
"19248","6.25"
"19249","6.25"
"19250","6.25"
"19251","6.25"
"19252","6.25"
"19253","6.25"
"19254","6.25"
"19255","6.25"
"19256","6.25"
"19257","6.25"
"19258","6.25"
"19259","6.25"
"19260","6.25"
"19261","6.25"
"19262","6.25"
"19263","6.25"
"19264","6.25"
"19265","6.25"
"19266","6.25"
"19267","6.25"
"19268","6.25"
"19269","6.25"
"19270","6.25"
"19271","6.25"
"19272","6.25"
"19273","6.25"
"19274","6.25"
"19275","6.25"
"19276","6.25"
"19277","6.25"
"19278","6.25"
"19279","6.25"
"19280","6.25"
"19281","6.25"
"19282","6.25"
"19283","6.25"
"19284","6.25"
"19285","6.25"
"19286","6.25"
"19287","6.25"
"19288","6.25"
"19289","6.25"
"19290","6.25"
"19291","6.25"
"19292","6.25"
"19293","6.25"
"19294","6.25"
"19295","6.25"
"19296","6.25"
"19297","6.25"
"19298","6.38"
"19299","6.38"
"19300","6.38"
"19301","6.38"
"19302","6.38"
"19303","6.38"
"19304","6.38"
"19305","6.38"
"19306","6.38"
"19307","6.38"
"19308","6.38"
"19309","6.38"
"19310","6.38"
"19311","6.38"
"19312","6.38"
"19313","6.38"
"19314","6.38"
"19315","6.38"
"19316","6.37"
"19317","6.38"
"19318","6.38"
"19319","5.71"
"19320","6.29"
"19321","6.29"
"19322","6.29"
"19323","6.38"
"19324","6.38"
"19325","6.38"
"19326","6.38"
"19327","6.38"
"19328","6.38"
"19329","6.38"
"19330","6.38"
"19331","6.38"
"19332","6.38"
"19333","6.38"
"19334","6.38"
"19335","6.38"
"19336","6.38"
"19337","6.38"
"19338","6.38"
"19339","6.38"
"19340","6.38"
"19341","6.38"
"19342","6.38"
"19343","6.38"
"19344","6.38"
"19345","6.25"
"19346","6.38"
"19347","6.38"
"19348","6.38"
"19349","6.38"
"19350","6.38"
"19351","6.25"
"19352","6.38"
"19353","6.25"
"19354","6.38"
"19355","6.38"
"19356","6.38"
"19357","6.38"
"19358","6.38"
"19359","6.38"
"19360","6.38"
"19361","6.25"
"19362","6.25"
"19363","6.38"
"19364","6.38"
"19365","6.25"
"19366","6.25"
"19367","6.38"
"19368","6.38"
"19369","6.38"
"19370","6.38"
"19371","6.38"
"19372","6.25"
"19373","6.25"
"19374","6.25"
"19375","6.25"
"19376","6.25"
"19377","6.25"
"19378","6.25"
"19379","6.25"
"19380","6.25"
"19381","6.25"
"19382","5.3"
"19383","6.25"
"19384","5.3"
"19385","6.25"
"19386","6.25"
"19387","6.25"
"19388","5.3"
"19389","5.89"
"19390","6.06"
"19391","6.25"
"19392","6.25"
"19393","6.25"
"19394","6.25"
"19395","6.25"
"19396","6.25"
"19397","6.25"
"19398","6.25"
"19399","6.25"
"19400","6.25"
"19401","6.25"
"19402","6.25"
"19403","6.25"
"19404","6.25"
"19405","6.25"
"19406","6.25"
"19407","6.25"
"19408","6.25"
"19409","6.25"
"19410","5.83"
"19411","5.83"
"19412","6.04"
"19413","6.04"
"19414","6.04"
"19415","6.03"
"19416","6.03"
"19417","6.03"
"19418","5.75"
"19419","5.7"
"19420","5.85"
"19421","5.85"
"19422","6.25"
"19423","6.33"
"19424","6.2"
"19425","6.2"
"19426","6.25"
"19427","6.25"
"19428","6.33"
"19429","6.25"
"19430","1.36"
"19431","6.38"
"19432","6.25"
"19433","6.25"
"19434","6.25"
"19435","6.25"
"19436","6.25"
"19437","6.25"
"19438","6.25"
"19439","6.25"
"19440","6.25"
"19441","6.25"
"19442","0"
"19443","0"
"19444","6.25"
"19445","6.25"
"19446","6.25"
"19447","6.25"
"19448","6.25"
"19449","6.25"
"19450","0"
"19451","0"
"19452","0"
"19453","6.25"
"19454","6.25"
"19455","6.25"
"19456","6.25"
"19457","6.25"
"19458","0"
"19459","0"
"19460","0"
"19461","0"
"19462","0"
"19463","0"
"19464","0"
"19465","0"
"19466","0"
"19467","6.25"
"19468","6.38"
"19469","6.38"
"19470","6.93"
"19471","5.3"
"19472","6.25"
"19473","6.25"
"19474","6.25"
"19475","6.25"
"19476","6.25"
"19477","6.25"
"19478","6.25"
"19479","6.25"
"19480","6.25"
"19481","6.25"
"19482","6.25"
"19483","6.25"
"19484","6.25"
"19485","6.25"
"19486","6.25"
"19487","6.25"
"19488","6.25"
"19489","6.25"
"19490","6.25"
"19491","6.25"
"19492","6.25"
"19493","6.25"
"19494","6.25"
"19495","6.25"
"19496","6.25"
"19497","6.25"
"19498","6.25"
"19499","6.25"
"19500","6.25"
"19501","6.25"
"19502","6.25"
"19503","6.25"
"19504","6.25"
"19505","6.25"
"19506","6.25"
"19507","6.25"
"19508","6.25"
"19509","6.25"
"19510","6.25"
"19511","6.25"
"19512","6.25"
"19513","6.25"
"19514","6.25"
"19515","6.25"
"19516","6.25"
"19517","6.25"
"19518","6.25"
"19519","6.25"
"19520","6.25"
"19521","6.25"
"19522","6.25"
"19523","6.25"
"19524","6.25"
"19525","6.25"
"19526","6.25"
"19527","6.25"
"19528","6.25"
"19529","6.25"
"19530","6.25"
"19531","6.25"
"19532","6.25"
"19533","6.25"
"19534","6.25"
"19535","6.25"
"19536","6.25"
"19537","6.25"
"19538","6.25"
"19539","6.25"
"19540","6.25"
"19541","6.25"
"19542","6.25"
"19543","6.25"
"19544","6.25"
"19545","6.25"
"19546","6.25"
"19547","6.25"
"19548","6.25"
"19549","6.25"
"19550","6.25"
"19551","6.25"
"19552","6.25"
"19553","6.25"
"19554","6.25"
"19555","6.25"
"19556","6.25"
"19557","6.25"
"19558","6.25"
"19559","6.25"
"19560","6.25"
"19561","6.25"
"19562","6.25"
"19563","6.25"
"19564","6.25"
"19565","6.25"
"19566","6.25"
"19567","6.25"
"19568","6.25"
"19569","6.25"
"19570","6.25"
"19571","6.25"
"19572","6.25"
"19573","6.25"
"19574","6.25"
"19575","6.25"
"19576","6.25"
"19577","6.25"
"19578","6.25"
"19579","6.25"
"19580","6.25"
"19581","6.25"
"19582","6.25"
"19583","6.25"
"19584","6.25"
"19585","6.25"
"19586","6.25"
"19587","6.25"
"19588","6.25"
"19589","6.25"
"19590","6.25"
"19591","6.25"
"19592","6.25"
"19593","6.25"
"19594","6.25"
"19595","6.25"
"19596","6.25"
"19597","6.25"
"19598","6.25"
"19599","6.25"
"19600","6.25"
"19601","6.25"
"19602","6.25"
"19603","5.8"
"19604","6.25"
"19605","6.25"
"19606","6.25"
"19607","6.25"
"19608","6.25"
"19609","5.7"
"19610","5.7"
"19611","5.7"
"19612","5.7"
"19613","5.83"
"19614","5.83"
"19615","5.83"
"19616","5.83"
"19617","5.83"
"19618","5.83"
"19619","5.83"
"19620","6.25"
"19621","6.25"
"19622","6.25"
"19623","6.25"
"19624","6.25"
"19625","5.7"
"19626","5.83"
"19627","5.83"
"19628","5.83"
"19629","6.25"
"19630","6.25"
"19631","6.25"
"19632","6.25"
"19633","6.25"
"19634","6.25"
"19635","6.25"
"19636","6.25"
"19637","6.25"
"19638","6.25"
"19639","6.25"
"19640","6.25"
"19641","6.25"
"19642","6.25"
"19643","6.25"
"19644","6.25"
"19645","6.25"
"19646","6.25"
"19647","6.25"
"19648","6.25"
"19649","6.25"
"19650","6.25"
"19651","6.25"
"19652","6.25"
"19653","6.25"
"19654","6.25"
"19655","6.25"
"19656","6.25"
"19657","6.25"
"19658","6.25"
"19659","6.25"
"19660","6.25"
"19661","6.25"
"19662","6.25"
"19663","6.25"
"19664","6.25"
"19665","6.25"
"19666","6.25"
"19667","6.25"
"19668","6.25"
"19669","6.25"
"19670","6.25"
"19671","6.25"
"19672","6.25"
"19673","6.25"
"19674","6.25"
"19675","6.25"
"19676","6.25"
"19677","6.25"
"19678","6.25"
"19679","6.25"
"19680","6.25"
"19681","6.25"
"19682","6.25"
"19683","6.25"
"19684","6.25"
"19685","6.25"
"19686","6.25"
"19687","6.25"
"19688","6.25"
"19689","6.25"
"19690","6.25"
"19691","6.25"
"19692","6.25"
"19693","6.25"
"19694","6.25"
"19695","6.25"
"19696","6.25"
"19697","6.25"
"19698","6.25"
"19699","6.25"
"19700","6.25"
"19701","6.25"
"19702","6.25"
"19703","6.25"
"19704","6.25"
"19705","6.25"
"19706","6.25"
"19707","6.25"
"19708","6.25"
"19709","6.25"
"19710","6.25"
"19711","6.25"
"19712","6.25"
"19713","6.25"
"19714","6.25"
"19715","6.25"
"19716","6.25"
"19717","6.25"
"19718","6.25"
"19719","6.25"
"19720","6.25"
"19721","6.25"
"19722","6.25"
"19723","6.25"
"19724","6.25"
"19725","6.25"
"19726","6.25"
"19727","6.25"
"19728","6.25"
"19729","6.25"
"19730","6.25"
"19731","6.25"
"19732","6.25"
"19733","6.25"
"19734","6.25"
"19735","6.25"
"19736","6.25"
"19737","6.25"
"19738","6.25"
"19739","6.25"
"19740","6.25"
"19741","6.25"
"19742","6.25"
"19743","6.25"
"19744","6.25"
"19745","6.25"
"19746","6.25"
"19747","6.25"
"19748","6.25"
"19749","6.25"
"19750","6.25"
"19751","6.25"
"19752","6.25"
"19753","6.25"
"19754","6.25"
"19755","6.25"
"19756","6.25"
"19757","6.25"
"19758","6.25"
"19759","6.25"
"19760","6.25"
"19761","6.25"
"19762","6.25"
"19763","6.25"
"19764","6.25"
"19765","6.25"
"19766","6.25"
"19767","6.25"
"19768","6.25"
"19769","6.25"
"19770","6.25"
"19771","6.25"
"19772","6.25"
"19773","6.25"
"19774","6.25"
"19775","6.25"
"19776","6.25"
"19777","6.25"
"19778","6.25"
"19779","6.25"
"19780","6.25"
"19781","6.25"
"19782","6.25"
"19783","6.25"
"19784","6.25"
"19785","6.25"
"19786","6.25"
"19787","6.25"
"19788","6.25"
"19789","6.25"
"19790","6.25"
"19791","6.25"
"19792","6.25"
"19793","6.25"
"19794","6.25"
"19795","6.25"
"19796","6.25"
"19797","6.25"
"19798","6.25"
"19799","6.38"
"19800","6.25"
"19801","6.25"
"19802","6.25"
"19803","6.38"
"19804","6.38"
"19805","6.25"
"19806","6.25"
"19807","6.25"
"19808","6.25"
"19809","6.25"
"19810","6.25"
"19811","6.25"
"19812","6.25"
"19813","0"
"19814","6.25"
"19815","6.25"
"19816","6.25"
"19817","6.25"
"19818","6.25"
"19819","6.25"
"19820","6.25"
"19821","6.25"
"19822","6.25"
"19823","6.38"
"19824","6.25"
"19825","6.25"
"19826","6.25"
"19827","6.25"
"19828","6.25"
"19829","6.25"
"19830","6.25"
"19831","0"
"19832","6.25"
"19833","6.25"
"19834","6.25"
"19835","6.25"
"19836","6.25"
"19837","6.25"
"19838","6.25"
"19839","6.25"
"19840","6.25"
"19841","6.25"
"19842","6.25"
"19843","6.25"
"19844","6.25"
"19845","6.25"
"19846","6.25"
"19847","6.25"
"19848","6.25"
"19849","6.25"
"19850","6.25"
"19851","6.25"
"19852","6.25"
"19853","6.25"
"19854","6.21"
"19855","6.25"
"19856","6.25"
"19857","6.25"
"19858","6.25"
"19859","6.25"
"19860","6.25"
"19861","6.25"
"19862","6.25"
"19863","6.25"
"19864","6.25"
"19865","6.25"
"19866","6.25"
"19867","6.22"
"19868","6.25"
"19869","6.25"
"19870","6.25"
"19871","6.2"
"19872","6.25"
"19873","6.25"
"19874","6.25"
"19875","6.25"
"19876","6.18"
"19877","6.25"
"19878","6.25"
"19879","6.25"
"19880","6.25"
"19881","6.25"
"19882","6.25"
"19883","6.25"
"19884","6.25"
"19885","6.25"
"19886","6.25"
"19887","6.25"
"19888","6.25"
"19889","6.25"
"19890","6.25"
"19891","6.25"
"19892","6.25"
"19893","6.25"
"19894","6.25"
"19895","6.25"
"19896","6.25"
"19897","6.25"
"19898","6.25"
"19899","6.25"
"19900","6.25"
"19901","6.25"
"19902","6.25"
"19903","6.25"
"19904","6.25"
"19905","6.25"
"19906","6.25"
"19907","6.25"
"19908","6.25"
"19909","6.25"
"19910","6.25"
"19911","5.7"
"19912","6.25"
"19913","5.83"
"19914","5.95"
"19915","6.25"
"19916","6.06"
"19917","6.19"
"19918","5.98"
"19919","5.87"
"19920","6.13"
"19921","6.17"
"19922","5.73"
"19923","6.38"
"19924","6.22"
"19925","5.88"
"19926","6.11"
"19927","6.25"
"19928","6.25"
"19929","5.8"
"19930","5.8"
"19931","6.25"
"19932","6.04"
"19933","6.25"
"19934","6.25"
"19935","6.25"
"19936","6.25"
"19937","6.25"
"19938","6.25"
"19939","6.25"
"19940","6.25"
"19941","6.25"
"19942","6.25"
"19943","6.25"
"19944","6.25"
"19945","6.25"
"19946","6.25"
"19947","6.25"
"19948","6.25"
"19949","6.25"
"19950","6.25"
"19951","6.25"
"19952","6.25"
"19953","6.25"
"19954","6.25"
"19955","6.25"
"19956","6.25"
"19957","6.25"
"19958","6.25"
"19959","6.25"
"19960","6.25"
"19961","6.25"
"19962","6.25"
"19963","6.25"
"19964","6.25"
"19965","6.25"
"19966","6.25"
"19967","6.25"
"19968","6.25"
"19969","6.25"
"19970","6.25"
"19971","6.25"
"19972","6.25"
"19973","6.25"
"19974","6.25"
"19975","6.25"
"19976","6.25"
"19977","6.25"
"19978","6.25"
"19979","6.25"
"19980","6.25"
"19981","6.25"
"19982","6.25"
"19983","6.25"
"19984","6.25"
"19985","6.25"
"19986","6.25"
"19987","6.25"
"19988","6.25"
"19989","6.25"
"19990","6.25"
"19991","6.25"
"19992","6.25"
"19993","6.25"
"19994","6.25"
"19995","6.25"
"19996","6.25"
"19997","6.38"
"19998","6.38"
"19999","6.38"
"20000","6.38"
"20001","6.38"
"20002","6.38"
"20003","6.38"
"20004","6.38"
"20005","6.25"
"20006","6.25"
"20007","6.25"
"20008","6.25"
"20009","6.25"
"20010","6.25"
"20011","6.25"
"20012","6.25"
"20013","6.25"
"20014","6.25"
"20015","6.38"
"20016","6.38"
"20017","6.38"
"20018","6.38"
"20019","6.38"
"20020","6.38"
"20021","6.38"
"20022","6.38"
"20023","6.38"
"20024","6.25"
"20025","6.25"
"20026","6.25"
"20027","0"
"20028","6.38"
"20029","6.38"
"20030","6.38"
"20031","6.38"
"20032","6.38"
"20033","6.38"
"20034","6.38"
"20035","6.38"
"20036","6.38"
"20037","6.38"
"20038","6.38"
"20039","6.38"
"20040","6.38"
"20041","6.38"
"20042","6.38"
"20043","6.38"
"20044","6.38"
"20045","6.38"
"20046","6.38"
"20047","6.38"
"20048","6.38"
"20049","6.38"
"20050","6.25"
"20051","6.25"
"20052","6.38"
"20053","6.25"
"20054","6.25"
"20055","6.25"
"20056","6.25"
"20057","6.25"
"20058","6.25"
"20059","6.25"
"20060","6.25"
"20061","6.25"
"20062","6.25"
"20063","6.25"
"20064","6.25"
"20065","6.25"
"20066","6.25"
"20067","6.25"
"20068","6.25"
"20069","6.25"
"20070","6.25"
"20071","6.25"
"20072","6.25"
"20073","6.03"
"20074","6.25"
"20075","6.14"
"20076","6.25"
"20077","6.14"
"20078","6.25"
"20079","6.25"
"20080","6.25"
"20081","5.98"
"20082","5.98"
"20083","5.98"
"20084","6"
"20085","6.25"
"20086","6.25"
"20087","6.25"
"20088","6.25"
"20089","6.25"
"20090","6.25"
"20091","6.25"
"20092","6.25"
"20093","6.25"
"20094","6.07"
"20095","6.25"
"20096","6.25"
"20097","6.25"
"20098","0"
"20099","0"
"20100","0"
"20101","0"
"20102","0"
"20103","6.38"
"20104","0"
"20105","0"
"20106","0"
"20107","0"
"20108","0"
"20109","0"
"20110","0"
"20111","0"
"20112","0"
"20113","0"
"20114","0"
"20115","0"
"20116","6.25"
"20117","0"
"20118","0"
"20119","0"
"20120","0"
"20121","6.25"
"20122","6.25"
"20123","6.25"
"20124","0"
"20125","6.25"
"20126","6.25"
"20127","6.25"
"20128","6.25"
"20129","6.25"
"20130","6.25"
"20131","6.25"
"20132","6.38"
"20133","0"
"20134","6.38"
"20135","6.25"
"20136","6.25"
"20137","6.25"
"20138","6.25"
"20139","6.25"
"20140","6.25"
"20141","6.25"
"20142","6.25"
"20143","6.25"
"20144","6.25"
"20145","6.25"
"20146","6.25"
"20147","6.25"
"20148","6.25"
"20149","6.25"
"20150","6.25"
"20151","6.25"
"20152","6.25"
"20153","6.25"
"20154","6.25"
"20155","6.25"
"20156","6.25"
"20157","6.25"
"20158","6.25"
"20159","6.25"
"20160","6.25"
"20161","6.25"
"20162","6.25"
"20163","6.25"
"20164","6.25"
"20165","6.25"
"20166","6.25"
"20167","6.25"
"20168","6.25"
"20169","6.25"
"20170","6.25"
"20171","6.25"
"20172","6.25"
"20173","6.25"
"20174","6.25"
"20175","6.25"
"20176","6.25"
"20177","6.25"
"20178","6.25"
"20179","6.25"
"20180","6.25"
"20181","6.25"
"20182","6.25"
"20183","6.25"
"20184","6.25"
"20185","6.25"
"20186","6.25"
"20187","6.25"
"20188","6.25"
"20189","6.25"
"20190","6.25"
"20191","6.25"
"20192","5.46"
"20193","5.46"
"20194","5.46"
"20195","5.46"
"20196","5.46"
"20197","5.46"
"20198","6.25"
"20199","6.25"
"20200","6.25"
"20201","6.25"
"20202","6.25"
"20203","6.25"
"20204","6.25"
"20205","6.25"
"20206","6.25"
"20207","6.25"
"20208","6.25"
"20209","6.25"
"20210","6.25"
"20211","6.25"
"20212","6.25"
"20213","6.25"
"20214","6.25"
"20215","0"
"20216","5.46"
"20217","5.46"
"20218","5.46"
"20219","6.25"
"20220","5.46"
"20221","5.46"
"20222","5.46"
"20223","6.25"
"20224","6.25"
"20225","6.25"
"20226","6.25"
"20227","6.25"
"20228","6.25"
"20229","6.25"
"20230","6.25"
"20231","6.25"
"20232","6.25"
"20233","6.25"
"20234","6.25"
"20235","6.25"
"20236","6.25"
"20237","6.25"
"20238","6.25"
"20239","6.25"
"20240","6.25"
"20241","6.25"
"20242","6.25"
"20243","6.25"
"20244","6.25"
"20245","6.25"
"20246","6.25"
"20247","6.25"
"20248","6.25"
"20249","6.25"
"20250","6.25"
"20251","6.25"
"20252","6.25"
"20253","6.25"
"20254","6.25"
"20255","6.25"
"20256","6.25"
"20257","6.25"
"20258","6.25"
"20259","6.25"
"20260","6.25"
"20261","6.25"
"20262","6.25"
"20263","6.25"
"20264","6.25"
"20265","6.25"
"20266","6.25"
"20267","6.25"
"20268","6.25"
"20269","6.25"
"20270","6.25"
"20271","6.25"
"20272","6.25"
"20273","6.25"
"20274","6.25"
"20275","6.25"
"20276","6.25"
"20277","6.25"
"20278","6.25"
"20279","6.25"
"20280","6.25"
"20281","6.25"
"20282","6.25"
"20283","6.25"
"20284","6.25"
"20285","6.25"
"20286","6.25"
"20287","6.25"
"20288","6.25"
"20289","6.25"
"20290","6.25"
"20291","6.25"
"20292","6.25"
"20293","6.25"
"20294","6.25"
"20295","6.25"
"20296","6.25"
"20297","6.25"
"20298","6.25"
"20299","6.25"
"20300","6.25"
"20301","6.25"
"20302","6.25"
"20303","6.25"
"20304","6.25"
"20305","6.25"
"20306","6.25"
"20307","6.25"
"20308","6.25"
"20309","6.25"
"20310","6.25"
"20311","6.25"
"20312","6.25"
"20313","6.25"
"20314","6.25"
"20315","6.25"
"20316","6.25"
"20317","6.25"
"20318","6.25"
"20319","6.25"
"20320","6.25"
"20321","6.25"
"20322","6.25"
"20323","6.25"
"20324","6.25"
"20325","6.25"
"20326","6.25"
"20327","6.25"
"20328","6.25"
"20329","6.25"
"20330","6.25"
"20331","6.25"
"20332","6.25"
"20333","6.25"
"20334","6.25"
"20335","6.25"
"20336","6.25"
"20337","6.25"
"20338","6.25"
"20339","6.25"
"20340","6.25"
"20341","6.25"
"20342","6.25"
"20343","6.25"
"20344","6.25"
"20345","6.25"
"20346","6.25"
"20347","6.25"
"20348","6.25"
"20349","6.25"
"20350","6.25"
"20351","6.25"
"20352","6.25"
"20353","6.25"
"20354","6.25"
"20355","6.25"
"20356","6.25"
"20357","6.25"
"20358","6.25"
"20359","6.25"
"20360","6.25"
"20361","6.25"
"20362","6.25"
"20363","6.25"
"20364","6.25"
"20365","6.25"
"20366","6.25"
"20367","6.25"
"20368","6.25"
"20369","6.25"
"20370","6.25"
"20371","6.25"
"20372","6.25"
"20373","6.25"
"20374","6.25"
"20375","6.25"
"20376","6.25"
"20377","6.25"
"20378","5.8"
"20379","0"
"20380","5.8"
"20381","5.8"
"20382","0"
"20383","5.7"
"20384","5.8"
"20385","0"
"20386","0"
"20387","5.8"
"20388","0"
"20389","5.8"
"20390","0"
"20391","5.8"
"20392","0"
"20393","5.8"
"20394","0"
"20395","5.8"
"20396","0"
"20397","6.25"
"20398","0"
"20399","0"
"20400","5.9"
"20401","0"
"20402","6.1"
"20403","0"
"20404","6"
"20405","0"
"20406","0"
"20407","6"
"20408","5.8"
"20409","5.7"
"20410","0"
"20411","0"
"20412","6"
"20413","5.7"
"20414","0"
"20415","0"
"20416","5.8"
"20417","0"
"20418","0"
"20419","6.2"
"20420","6.2"
"20421","5.9"
"20422","5.7"
"20423","5.8"
"20424","5.8"
"20425","5.8"
"20426","5.7"
"20427","5.7"
"20428","5.7"
"20429","5.9"
"20430","5.7"
"20431","5.7"
"20432","5.7"
"20433","5.8"
"20434","5.9"
"20435","5.6"
"20436","5.5"
"20437","5.7"
"20438","5.7"
"20439","5.8"
"20440","5.7"
"20441","5.8"
"20442","0"
"20443","5.7"
"20444","5.7"
"20445","0"
"20446","5.9"
"20447","5.7"
"20448","5.8"
"20449","5.8"
"20450","5.8"
"20451","5.9"
"20452","5.9"
"20453","5.7"
"20454","5.8"
"20455","5.6"
"20456","5.8"
"20457","5.7"
"20458","5.7"
"20459","5.8"
"20460","5.8"
"20461","6"
"20462","5.8"
"20463","5.8"
"20464","5.8"
"20465","6.25"
"20466","5.8"
"20467","5.8"
"20468","5.9"
"20469","6"
"20470","0"
"20471","5.7"
"20472","5.7"
"20473","0"
"20474","6.2"
"20475","6"
"20476","6"
"20477","0"
"20478","6"
"20479","5.9"
"20480","5.8"
"20481","0"
"20482","5.7"
"20483","0"
"20484","5.8"
"20485","0"
"20486","6"
"20487","6.2"
"20488","5.8"
"20489","6"
"20490","0"
"20491","0"
"20492","0"
"20493","0"
"20494","0"
"20495","5.7"
"20496","0"
"20497","5.8"
"20498","5.8"
"20499","5.8"
"20500","5.7"
"20501","5.8"
"20502","0"
"20503","6.2"
"20504","6.2"
"20505","6.2"
"20506","5.8"
"20507","0"
"20508","0"
"20509","0"
"20510","0"
"20511","0"
"20512","5.8"
"20513","0"
"20514","0"
"20515","5.7"
"20516","5.7"
"20517","5.8"
"20518","5.7"
"20519","5.9"
"20520","5.8"
"20521","0"
"20522","5.7"
"20523","5.8"
"20524","5.9"
"20525","5.8"
"20526","5.7"
"20527","5.8"
"20528","5.8"
"20529","6.25"
"20530","6.25"
"20531","6.25"
"20532","6.25"
"20533","6.25"
"20534","6.25"
"20535","6.25"
"20536","6.25"
"20537","6.25"
"20538","6.25"
"20539","6.25"
"20540","6.25"
"20541","6.25"
"20542","6.25"
"20543","6.25"
"20544","6.25"
"20545","6.25"
"20546","6.25"
"20547","6.25"
"20548","6.25"
"20549","6.25"
"20550","6.25"
"20551","6.25"
"20552","6.25"
"20553","6.25"
"20554","6.25"
"20555","6.25"
"20556","6.25"
"20557","6.25"
"20558","6.25"
"20559","6.25"
"20560","6.25"
"20561","6.25"
"20562","6.25"
"20563","6.25"
"20564","6.25"
"20565","6.25"
"20566","6.25"
"20567","6.25"
"20568","6.25"
"20569","6.25"
"20570","6.25"
"20571","6.25"
"20572","6.25"
"20573","6.25"
"20574","6.25"
"20575","6.25"
"20576","6.25"
"20577","6.25"
"20578","6.25"
"20579","6.25"
"20580","6.25"
"20581","6.25"
"20582","6.25"
"20583","6.25"
"20584","6.25"
"20585","6.25"
"20586","6.25"
"20587","6.25"
"20588","6.25"
"20589","6.25"
"20590","6.25"
"20591","6.25"
"20592","6.25"
"20593","6.25"
"20594","6.25"
"20595","6.25"
"20596","6.25"
"20597","6.25"
"20598","6.25"
"20599","6.25"
"20600","6.25"
"20601","6.25"
"20602","6.25"
"20603","6.25"
"20604","6.25"
"20605","6.25"
"20606","6.25"
"20607","6.25"
"20608","6.25"
"20609","6.25"
"20610","6.25"
"20611","6.25"
"20612","6.25"
"20613","6.25"
"20614","6.25"
"20615","6.25"
"20616","6.25"
"20617","6.25"
"20618","6.25"
"20619","6.25"
"20620","6.25"
"20621","6.25"
"20622","6.25"
"20623","6.25"
"20624","6.25"
"20625","6.25"
"20626","6.25"
"20627","6.25"
"20628","6.25"
"20629","6.25"
"20630","6.25"
"20631","6.25"
"20632","6.25"
"20633","6.25"
"20634","6.25"
"20635","6.25"
"20636","6.25"
"20637","6.25"
"20638","6.25"
"20639","6.25"
"20640","6.25"
"20641","6.25"
"20642","6.25"
"20643","6.25"
"20644","6.25"
"20645","6.25"
"20646","6.25"
"20647","6.25"
"20648","6.25"
"20649","6.25"
"20650","6.25"
"20651","6.25"
"20652","6.25"
"20653","6.25"
"20654","6.25"
"20655","6.25"
"20656","6.25"
"20657","6.25"
"20658","6.25"
"20659","6.25"
"20660","6.25"
"20661","6.25"
"20662","6.25"
"20663","6.25"
"20664","6.25"
"20665","6.25"
"20666","6.25"
"20667","6.25"
"20668","6.25"
"20669","6.25"
"20670","6.25"
"20671","6.25"
"20672","6.25"
"20673","6.25"
"20674","6.25"
"20675","6.25"
"20676","6.25"
"20677","6.25"
"20678","6.25"
"20679","6.25"
"20680","6.25"
"20681","6.25"
"20682","6.25"
"20683","6.25"
"20684","6.25"
"20685","6.25"
"20686","6.25"
"20687","6.25"
"20688","6.25"
"20689","6.25"
"20690","6.25"
"20691","6.25"
"20692","6.25"
"20693","6.25"
"20694","6.25"
"20695","6.25"
"20696","6.25"
"20697","6.25"
"20698","6.25"
"20699","6.25"
"20700","6.25"
"20701","6.25"
"20702","6.25"
"20703","6.25"
"20704","6.25"
"20705","6.25"
"20706","6.25"
"20707","6.25"
"20708","6.25"
"20709","6.25"
"20710","6.25"
"20711","6.25"
"20712","6.25"
"20713","6.25"
"20714","6.25"
"20715","6.25"
"20716","6.25"
"20717","6.25"
"20718","6.25"
"20719","6.25"
"20720","6.25"
"20721","6.25"
"20722","6.25"
"20723","6.25"
"20724","6.25"
"20725","6.25"
"20726","6.25"
"20727","6.25"
"20728","6.25"
"20729","6.25"
"20730","6.25"
"20731","6.25"
"20732","6.25"
"20733","6.25"
"20734","6.25"
"20735","6.25"
"20736","6.25"
"20737","6.25"
"20738","6.25"
"20739","6.25"
"20740","6.25"
"20741","6.25"
"20742","6.25"
"20743","6.25"
"20744","6.25"
"20745","6.5"
"20746","6.1"
"20747","6.25"
"20748","6.25"
"20749","6.25"
"20750","6.25"
"20751","6.25"
"20752","6.25"
"20753","6.25"
"20754","6.25"
"20755","6.25"
"20756","6.25"
"20757","6.25"
"20758","6.25"
"20759","6.25"
"20760","6.25"
"20761","6.25"
"20762","6.25"
"20763","6.38"
"20764","6.38"
"20765","6.25"
"20766","6.25"
"20767","6.38"
"20768","6.25"
"20769","6.25"
"20770","6.38"
"20771","6.25"
"20772","6.25"
"20773","6.25"
"20774","6.38"
"20775","6.25"
"20776","6.25"
"20777","6.25"
"20778","6.25"
"20779","6.25"
"20780","6.25"
"20781","6.25"
"20782","6.25"
"20783","6.25"
"20784","6.25"
"20785","6.25"
"20786","6.25"
"20787","6.25"
"20788","6.25"
"20789","6.25"
"20790","6.25"
"20791","6.25"
"20792","6.25"
"20793","6.25"
"20794","6.25"
"20795","6.25"
"20796","6.25"
"20797","6.25"
"20798","6.25"
"20799","6.25"
"20800","6.25"
"20801","6.25"
"20802","0"
"20803","6.25"
"20804","6.25"
"20805","6.38"
"20806","6.25"
"20807","6.25"
"20808","6.25"
"20809","6.25"
"20810","6.38"
"20811","6.25"
"20812","6.25"
"20813","6.25"
"20814","6.25"
"20815","0"
"20816","6.25"
"20817","6.25"
"20818","6.25"
"20819","6.25"
"20820","5.8"
"20821","5.7"
"20822","5.8"
"20823","6.2"
"20824","5.7"
"20825","6.1"
"20826","5.9"
"20827","6.25"
"20828","6.25"
"20829","6.25"
"20830","6.25"
"20831","6.25"
"20832","6.25"
"20833","6.25"
"20834","6.25"
"20835","6.25"
"20836","6.25"
"20837","6.25"
"20838","6.25"
"20839","5.95"
"20840","5.95"
"20841","6.12"
"20842","6.09"
"20843","6.04"
"20844","6.13"
"20845","6.16"
"20846","6.15"
"20847","6.26"
"20848","6.25"
"20849","6.29"
"20850","6.38"
"20851","6.38"
"20852","6.14"
"20853","6.17"
"20854","6.25"
"20855","6.25"
"20856","6.25"
"20857","6.25"
"20858","6.25"
"20859","6.25"
"20860","6.25"
"20861","6.25"
"20862","6.25"
"20863","6.25"
"20864","6.25"
"20865","6.25"
"20866","6.25"
"20867","6.25"
"20868","6.25"
"20869","6.25"
"20870","6.25"
"20871","6.25"
"20872","6.24"
"20873","6.25"
"20874","6.25"
"20875","6.25"
"20876","6.25"
"20877","6.25"
"20878","6.25"
"20879","6.25"
"20880","6.25"
"20881","6.25"
"20882","6.25"
"20883","6.25"
"20884","6.25"
"20885","6.25"
"20886","6.25"
"20887","6.25"
"20888","6.25"
"20889","6.25"
"20890","6.25"
"20891","6.25"
"20892","6.25"
"20893","6.25"
"20894","6.25"
"20895","6.25"
"20896","6.25"
"20897","6.25"
"20898","6.25"
"20899","6.25"
"20900","6.25"
"20901","6.25"
"20902","6.25"
"20903","6.25"
"20904","6.25"
"20905","6.25"
"20906","6.25"
"20907","6.25"
"20908","6.25"
"20909","6.25"
"20910","6.25"
"20911","6.25"
"20912","6.25"
"20913","6.25"
"20914","6.25"
"20915","6.25"
"20916","6.25"
"20917","6.25"
"20918","6.25"
"20919","6.25"
"20920","6.25"
"20921","6.38"
"20922","6.38"
"20923","6.38"
"20924","6.38"
"20925","6.38"
"20926","6.38"
"20927","6.38"
"20928","6.38"
"20929","6.38"
"20930","6.38"
"20931","6.25"
"20932","6.25"
"20933","6.25"
"20934","6.25"
"20935","6.25"
"20936","6.25"
"20937","6.25"
"20938","6.25"
"20939","6.25"
"20940","6.38"
"20941","6.38"
"20942","6.38"
"20943","6.38"
"20944","6.38"
"20945","6.38"
"20946","6.25"
"20947","6.38"
"20948","6.38"
"20949","6.38"
"20950","6.38"
"20951","0"
"20952","6.38"
"20953","6.38"
"20954","6.38"
"20955","6.38"
"20956","6.38"
"20957","6.38"
"20958","6.38"
"20959","6.38"
"20960","6.38"
"20961","6.38"
"20962","6.38"
"20963","6.29"
"20964","6.38"
"20965","6.38"
"20966","6.38"
"20967","6.38"
"20968","6.38"
"20969","6.38"
"20970","6.38"
"20971","6.38"
"20972","6.25"
"20973","6.38"
"20974","6.38"
"20975","6.38"
"20976","6.38"
"20977","6.38"
"20978","0"
"20979","0"
"20980","6.25"
"20981","6.25"
"20982","6.25"
"20983","6.25"
"20984","6.25"
"20985","6.25"
"20986","6.14"
"20987","6.25"
"20988","6.25"
"20989","6.25"
"20990","6.25"
"20991","6.25"
"20992","6.25"
"20993","6.25"
"20994","6.25"
"20995","6.25"
"20996","6.03"
"20997","5.98"
"20998","6.14"
"20999","5.98"
"21000","6.25"
"21001","5.98"
"21002","6.25"
"21003","6.25"
"21004","5.98"
"21005","6.25"
"21006","6.25"
"21007","6.25"
"21008","6.25"
"21009","6.25"
"21010","6.07"
"21011","6.25"
"21012","5.98"
"21013","6.25"
"21014","6.25"
"21015","0"
"21016","0"
"21017","0"
"21018","0"
"21019","0"
"21020","0"
"21021","0"
"21022","5.71"
"21023","0"
"21024","0"
"21025","0"
"21026","0"
"21027","0"
"21028","0"
"21029","0"
"21030","0"
"21031","0"
"21032","0"
"21033","0"
"21034","0"
"21035","0"
"21036","0"
"21037","0"
"21038","0"
"21039","0"
"21040","6.25"
"21041","6.25"
"21042","6.25"
"21043","6.38"
"21044","6.25"
"21045","6.25"
"21046","6.25"
"21047","6.25"
"21048","6.25"
"21049","6.25"
"21050","0"
"21051","0"
"21052","6.38"
"21053","6.38"
"21054","6.38"
"21055","6.25"
"21056","6.25"
"21057","6.25"
"21058","6.25"
"21059","6.25"
"21060","6.25"
"21061","6.25"
"21062","6.25"
"21063","6.25"
"21064","6.25"
"21065","6.25"
"21066","6.25"
"21067","6.25"
"21068","6.25"
"21069","6.25"
"21070","6.25"
"21071","6.25"
"21072","6.25"
"21073","6.25"
"21074","6.25"
"21075","6.25"
"21076","6.25"
"21077","6.25"
"21078","6.25"
"21079","6.25"
"21080","6.25"
"21081","6.25"
"21082","6.25"
"21083","6.25"
"21084","6.25"
"21085","6.25"
"21086","6.25"
"21087","6.25"
"21088","6.25"
"21089","6.25"
"21090","6.38"
"21091","6.25"
"21092","0"
"21093","6.25"
"21094","0"
"21095","6.25"
"21096","6.25"
"21097","6.25"
"21098","6.25"
"21099","6.25"
"21100","6.25"
"21101","6.25"
"21102","6.25"
"21103","0"
"21104","6.25"
"21105","6.25"
"21106","6.25"
"21107","6.25"
"21108","0"
"21109","6.25"
"21110","6.25"
"21111","6.25"
"21112","6.25"
"21113","6.25"
"21114","6.25"
"21115","6.25"
"21116","6.25"
"21117","6.25"
"21118","6.25"
"21119","6.25"
"21120","6.25"
"21121","6.25"
"21122","6.25"
"21123","6.25"
"21124","6.25"
"21125","6.25"
"21126","6.25"
"21127","6.25"
"21128","6.25"
"21129","6.25"
"21130","6.25"
"21131","6.25"
"21132","6.25"
"21133","6.25"
"21134","6.25"
"21135","6.25"
"21136","6.25"
"21137","6.25"
"21138","6.25"
"21139","6.25"
"21140","6.25"
"21141","6.25"
"21142","6.25"
"21143","6.25"
"21144","6.25"
"21145","6.25"
"21146","6.25"
"21147","6.25"
"21148","6.25"
"21149","6.25"
"21150","6.25"
"21151","6.25"
"21152","6.25"
"21153","6.25"
"21154","6.25"
"21155","6.25"
"21156","6.25"
"21157","6.25"
"21158","6.25"
"21159","6.25"
"21160","6.25"
"21161","6.25"
"21162","6.25"
"21163","6.25"
"21164","6.25"
"21165","6.25"
"21166","6.25"
"21167","6.25"
"21168","6.25"
"21169","6.25"
"21170","6.25"
"21171","6.25"
"21172","6.25"
"21173","6.25"
"21174","6.25"
"21175","6.25"
"21176","6.25"
"21177","6.25"
"21178","6.25"
"21179","6.25"
"21180","6.25"
"21181","6.25"
"21182","6.25"
"21183","6.25"
"21184","6.25"
"21185","6.25"
"21186","6.25"
"21187","6.25"
"21188","6.25"
"21189","6.25"
"21190","6.25"
"21191","6.25"
"21192","6.25"
"21193","6.25"
"21194","6.25"
"21195","6.25"
"21196","6.25"
"21197","6.25"
"21198","6.25"
"21199","6.25"
"21200","6.25"
"21201","6.25"
"21202","6.25"
"21203","6.25"
"21204","6.25"
"21205","6.25"
"21206","6.25"
"21207","6.25"
"21208","6.25"
"21209","6.25"
"21210","6.25"
"21211","6.25"
"21212","6.25"
"21213","6.25"
"21214","6.25"
"21215","6.25"
"21216","6.25"
"21217","6.25"
"21218","6.25"
"21219","6.25"
"21220","6.25"
"21221","6.25"
"21222","6.25"
"21223","6.25"
"21224","6.25"
"21225","6.25"
"21226","6.25"
"21227","6.25"
"21228","6.25"
"21229","6.25"
"21230","6.25"
"21231","6.25"
"21232","6.25"
"21233","5.46"
"21234","5.46"
"21235","5.46"
"21236","5.46"
"21237","6.25"
"21238","6.25"
"21239","6.25"
"21240","6.25"
"21241","6.25"
"21242","6.25"
"21243","6.25"
"21244","6.25"
"21245","6.25"
"21246","6.25"
"21247","6.25"
"21248","6.25"
"21249","6.25"
"21250","6.25"
"21251","6.25"
"21252","6.25"
"21253","6.25"
"21254","6.25"
"21255","6.25"
"21256","6.25"
"21257","6.25"
"21258","6.25"
"21259","6.25"
"21260","6.25"
"21261","6.25"
"21262","6.25"
"21263","6.25"
"21264","6.25"
"21265","6.25"
"21266","6.25"
"21267","6.25"
"21268","6.25"
"21269","6.25"
"21270","6.25"
"21271","6.25"
"21272","6.25"
"21273","6.25"
"21274","6.25"
"21275","6.25"
"21276","6.25"
"21277","6.25"
"21278","6.25"
"21279","6.25"
"21280","6.25"
"21281","6.25"
"21282","6.25"
"21283","6.25"
"21284","6.25"
"21285","6.25"
"21286","6.25"
"21287","6.25"
"21288","6.25"
"21289","6.25"
"21290","6.25"
"21291","6.25"
"21292","6.25"
"21293","6.25"
"21294","6.25"
"21295","6.25"
"21296","6.25"
"21297","6.25"
"21298","6.25"
"21299","6.25"
"21300","6.25"
"21301","6.25"
"21302","5.8"
"21303","5.95"
"21304","5.7"
"21305","5.7"
"21306","5.7"
"21307","5.83"
"21308","5.83"
"21309","5.95"
"21310","5.83"
"21311","5.95"
"21312","5.7"
"21313","5.7"
"21314","5.7"
"21315","6.25"
"21316","6.25"
"21317","6.25"
"21318","6.25"
"21319","6.25"
"21320","6.25"
"21321","6.25"
"21322","6.25"
"21323","6.25"
"21324","6.25"
"21325","6.25"
"21326","6.25"
"21327","6.25"
"21328","6.25"
"21329","6.25"
"21330","6.25"
"21331","6.25"
"21332","6.25"
"21333","6.25"
"21334","6.25"
"21335","6.25"
"21336","6.25"
"21337","6.25"
"21338","6.25"
"21339","6.25"
"21340","6.25"
"21341","6.25"
"21342","6.25"
"21343","6.25"
"21344","6.25"
"21345","6.25"
"21346","6.25"
"21347","6.25"
"21348","6.25"
"21349","6.25"
"21350","6.25"
"21351","6.25"
"21352","6.25"
"21353","6.25"
"21354","6.25"
"21355","6.25"
"21356","6.25"
"21357","6.25"
"21358","6.25"
"21359","6.25"
"21360","6.25"
"21361","6.25"
"21362","6.25"
"21363","6.25"
"21364","6.25"
"21365","6.25"
"21366","6.25"
"21367","6.25"
"21368","6.25"
"21369","6.25"
"21370","6.25"
"21371","6.25"
"21372","6.25"
"21373","6.25"
"21374","6.25"
"21375","6.25"
"21376","6.25"
"21377","6.25"
"21378","6.25"
"21379","6.25"
"21380","6.25"
"21381","6.25"
"21382","6.25"
"21383","6.25"
"21384","6.25"
"21385","6.25"
"21386","6.25"
"21387","6.25"
"21388","6.25"
"21389","6.25"
"21390","6.25"
"21391","6.25"
"21392","6.25"
"21393","6.25"
"21394","6.25"
"21395","6.25"
"21396","6.25"
"21397","6.25"
"21398","6.25"
"21399","6.25"
"21400","6.25"
"21401","6.25"
"21402","6.25"
"21403","6.25"
"21404","6.25"
"21405","6.25"
"21406","6.25"
"21407","6.25"
"21408","6.25"
"21409","6.25"
"21410","6.25"
"21411","6.25"
"21412","6.25"
"21413","6.25"
"21414","6.25"
"21415","6.25"
"21416","6.25"
"21417","6.25"
"21418","6.25"
"21419","6.25"
"21420","6.25"
"21421","6.25"
"21422","6.25"
"21423","6.25"
"21424","6.25"
"21425","6.25"
"21426","6.25"
"21427","6.25"
"21428","6.25"
"21429","6.25"
"21430","6.25"
"21431","6.25"
"21432","6.25"
"21433","6.25"
"21434","6.25"
"21435","6.25"
"21436","6.25"
"21437","6.25"
"21438","6.25"
"21439","6.25"
"21440","6.25"
"21441","6.25"
"21442","6.25"
"21443","6.25"
"21444","6.25"
"21445","6.25"
"21446","6.25"
"21447","6.25"
"21448","6.25"
"21449","6.25"
"21450","6.25"
"21451","6.25"
"21452","6.25"
"21453","6.25"
"21454","6.25"
"21455","6.25"
"21456","6.25"
"21457","6.25"
"21458","6.25"
"21459","6.25"
"21460","6.25"
"21461","6.25"
"21462","6.25"
"21463","6.25"
"21464","6.25"
"21465","6.25"
"21466","6.25"
"21467","6.25"
"21468","6.25"
"21469","6.25"
"21470","6.25"
"21471","6.25"
"21472","6.25"
"21473","6.25"
"21474","6.25"
"21475","6.25"
"21476","6.25"
"21477","6.25"
"21478","6.25"
"21479","6.25"
"21480","6.25"
"21481","6.38"
"21482","6.25"
"21483","6.38"
"21484","6.38"
"21485","6.25"
"21486","6.25"
"21487","6.25"
"21488","6.25"
"21489","0"
"21490","6.25"
"21491","6.25"
"21492","6.25"
"21493","6.25"
"21494","6.25"
"21495","6.25"
"21496","6.25"
"21497","6.25"
"21498","6.25"
"21499","6.25"
"21500","6.25"
"21501","6.25"
"21502","6.25"
"21503","6.25"
"21504","6.25"
"21505","6.25"
"21506","6.25"
"21507","6.25"
"21508","6.25"
"21509","6.25"
"21510","0"
"21511","6.25"
"21512","6.25"
"21513","6.25"
"21514","6.25"
"21515","6.25"
"21516","6.25"
"21517","6.25"
"21518","6.25"
"21519","6.25"
"21520","6.25"
"21521","6.25"
"21522","6.25"
"21523","6.25"
"21524","6.25"
"21525","6.25"
"21526","6.25"
"21527","6.25"
"21528","6.25"
"21529","6.25"
"21530","6.25"
"21531","6.1"
"21532","6.25"
"21533","6.25"
"21534","6.25"
"21535","6.25"
"21536","6.25"
"21537","6.25"
"21538","6.25"
"21539","6.25"
"21540","6.25"
"21541","6.25"
"21542","6.25"
"21543","6.25"
"21544","6.25"
"21545","6.25"
"21546","6.25"
"21547","6.25"
"21548","6.25"
"21549","6.23"
"21550","6.25"
"21551","6.25"
"21552","6.25"
"21553","6.25"
"21554","6.25"
"21555","6.25"
"21556","6.25"
"21557","6.21"
"21558","6.25"
"21559","6.25"
"21560","6.25"
"21561","6.25"
"21562","6.25"
"21563","6.25"
"21564","6.25"
"21565","6.25"
"21566","6.25"
"21567","6.25"
"21568","6.25"
"21569","6.25"
"21570","6.25"
"21571","6.25"
"21572","6.25"
"21573","6.25"
"21574","6.25"
"21575","6.25"
"21576","6.25"
"21577","6.25"
"21578","6.25"
"21579","6.25"
"21580","6.25"
"21581","6.25"
"21582","6.25"
"21583","6.25"
"21584","6.25"
"21585","6.25"
"21586","6.25"
"21587","6.25"
"21588","6.25"
"21589","6.25"
"21590","6.25"
"21591","6.25"
"21592","6.25"
"21593","6.25"
"21594","6.25"
"21595","6.25"
"21596","5.46"
"21597","5.46"
"21598","5.46"
"21599","5.46"
"21600","5.46"
"21601","5.46"
"21602","5.46"
"21603","5.46"
"21604","6.25"
"21605","6.25"
"21606","6.25"
"21607","6.25"
"21608","6.25"
"21609","6.25"
"21610","6.25"
"21611","6.25"
"21612","6.25"
"21613","6.25"
"21614","6.25"
"21615","6.25"
"21616","6.25"
"21617","6.25"
"21618","6.25"
"21619","6.25"
"21620","6.25"
"21621","6.25"
"21622","6.25"
"21623","6.25"
"21624","6.25"
"21625","6.25"
"21626","5.46"
"21627","6.25"
"21628","6.25"
"21629","6.25"
"21630","6.25"
"21631","6.25"
"21632","6.25"
"21633","6.25"
"21634","6.25"
"21635","6.25"
"21636","6.25"
"21637","6.25"
"21638","6.25"
"21639","6.25"
"21640","6.25"
"21641","6.25"
"21642","6.25"
"21643","6.25"
"21644","6.25"
"21645","6.25"
"21646","6.25"
"21647","6.25"
"21648","6.25"
"21649","6.25"
"21650","6.25"
"21651","6.25"
"21652","6.25"
"21653","6.25"
"21654","6.25"
"21655","6.25"
"21656","6.25"
"21657","6.25"
"21658","6.25"
"21659","6.25"
"21660","6.25"
"21661","6.25"
"21662","6.25"
"21663","6.25"
"21664","6.25"
"21665","6.25"
"21666","6.25"
"21667","6.25"
"21668","6.25"
"21669","6.25"
"21670","6.25"
"21671","6.25"
"21672","6.25"
"21673","6.25"
"21674","6.25"
"21675","6.25"
"21676","6.25"
"21677","6.25"
"21678","6.25"
"21679","6.25"
"21680","6.25"
"21681","6.25"
"21682","6.25"
"21683","6.25"
"21684","6.25"
"21685","6.25"
"21686","6.25"
"21687","6.25"
"21688","6.25"
"21689","6.25"
"21690","6.25"
"21691","6.25"
"21692","6.25"
"21693","6.25"
"21694","6.25"
"21695","6.25"
"21696","6.25"
"21697","6.25"
"21698","6.25"
"21699","6.25"
"21700","6.25"
"21701","6.25"
"21702","6.25"
"21703","6.25"
"21704","6.25"
"21705","6.25"
"21706","6.25"
"21707","6.25"
"21708","6.25"
"21709","6.25"
"21710","6.25"
"21711","6.25"
"21712","6.25"
"21713","6.25"
"21714","6.25"
"21715","6.25"
"21716","6.25"
"21717","6.25"
"21718","6.25"
"21719","6.25"
"21720","6.25"
"21721","6.25"
"21722","6.25"
"21723","6.25"
"21724","6.25"
"21725","6.25"
"21726","6.25"
"21727","6.25"
"21728","6.25"
"21729","6.25"
"21730","6.25"
"21731","6.25"
"21732","6.25"
"21733","6.25"
"21734","6.25"
"21735","6.25"
"21736","6.25"
"21737","6.25"
"21738","6.25"
"21739","6.25"
"21740","6.25"
"21741","6.25"
"21742","6.25"
"21743","6.25"
"21744","6.25"
"21745","6.25"
"21746","6.25"
"21747","6.25"
"21748","6.25"
"21749","6.25"
"21750","6.25"
"21751","6.25"
"21752","6.25"
"21753","6.25"
"21754","6.25"
"21755","6.25"
"21756","6.25"
"21757","6.25"
"21758","6.25"
"21759","6.25"
"21760","6.25"
"21761","6.25"
"21762","6.25"
"21763","6.25"
"21764","6.25"
"21765","6.25"
"21766","6.25"
"21767","6.25"
"21768","6.25"
"21769","6.25"
"21770","6.25"
"21771","6.25"
"21772","6.25"
"21773","6.25"
"21774","6.25"
"21775","6.25"
"21776","6.25"
"21777","6.25"
"21778","6.25"
"21779","6.25"
"21780","6.25"
"21781","6.25"
"21782","6.25"
"21783","6.25"
"21784","6.25"
"21785","6.25"
"21786","6.25"
"21787","6.25"
"21788","6.25"
"21789","6.25"
"21790","6.25"
"21791","6.25"
"21792","6.25"
"21793","6.25"
"21794","6.25"
"21795","6.25"
"21796","6.25"
"21797","6.25"
"21798","6.25"
"21799","6.25"
"21800","6.25"
"21801","6.25"
"21802","6.25"
"21803","6.25"
"21804","6.25"
"21805","6.25"
"21806","6.25"
"21807","6.25"
"21808","6.25"
"21809","6.25"
"21810","6.25"
"21811","6.25"
"21812","6.25"
"21813","6.25"
"21814","6.25"
"21815","6.25"
"21816","6.25"
"21817","6.25"
"21818","6.25"
"21819","6.25"
"21820","6.25"
"21821","6.25"
"21822","6.25"
"21823","6.25"
"21824","6.25"
"21825","6.25"
"21826","6.25"
"21827","6.25"
"21828","6.25"
"21829","6.25"
"21830","6.25"
"21831","6.25"
"21832","6.25"
"21833","6.25"
"21834","6.25"
"21835","6.25"
"21836","6.25"
"21837","6.25"
"21838","6.25"
"21839","6.25"
"21840","6.25"
"21841","6.25"
"21842","6.25"
"21843","6.25"
"21844","6.25"
"21845","6.25"
"21846","6.25"
"21847","6.25"
"21848","6.25"
"21849","6.25"
"21850","6.25"
"21851","6.25"
"21852","6.25"
"21853","6.25"
"21854","6.25"
"21855","6.25"
"21856","6.25"
"21857","6.25"
"21858","6.25"
"21859","6.25"
"21860","6.25"
"21861","6.25"
"21862","6.25"
"21863","6.25"
"21864","6.25"
"21865","6.25"
"21866","6.25"
"21867","6.25"
"21868","6.25"
"21869","6.25"
"21870","6.25"
"21871","6.25"
"21872","6.25"
"21873","6.25"
"21874","6.25"
"21875","6.25"
"21876","6.25"
"21877","6.25"
"21878","6.25"
"21879","6.25"
"21880","6.25"
"21881","6.25"
"21882","6.25"
"21883","6.25"
"21884","6.25"
"21885","6.25"
"21886","6.25"
"21887","6.25"
"21888","6.25"
"21889","6.25"
"21890","6.25"
"21891","6.25"
"21892","6.25"
"21893","6.25"
"21894","6.25"
"21895","6.25"
"21896","6.25"
"21897","6.25"
"21898","6.25"
"21899","6.25"
"21900","6.25"
"21901","6.25"
"21902","6.25"
"21903","6.25"
"21904","6.25"
"21905","6.25"
"21906","6.25"
"21907","6.25"
"21908","6.25"
"21909","6.25"
"21910","6.25"
"21911","6.25"
"21912","6.25"
"21913","6.25"
"21914","6.25"
"21915","6.25"
"21916","6.25"
"21917","6.25"
"21918","6.25"
"21919","6.25"
"21920","6.25"
"21921","6.25"
"21922","6.25"
"21923","6.25"
"21924","6.25"
"21925","6.25"
"21926","6.25"
"21927","6.25"
"21928","6.25"
"21929","6.25"
"21930","6.25"
"21931","6.25"
"21932","6.25"
"21933","6.25"
"21934","6.25"
"21935","6.25"
"21936","6.25"
"21937","6.25"
"21938","6.25"
"21939","6.25"
"21940","6.25"
"21941","6.25"
"21942","6.25"
"21943","6.25"
"21944","6.25"
"21945","6.25"
"21946","6.25"
"21947","6.25"
"21948","6.25"
"21949","6.25"
"21950","6.25"
"21951","6.25"
"21952","6.25"
"21953","6.25"
"21954","6.25"
"21955","6.25"
"21956","6.25"
"21957","6.25"
"21958","6.25"
"21959","6.25"
"21960","6.25"
"21961","6.25"
"21962","6.25"
"21963","6.25"
"21964","6.25"
"21965","6.25"
"21966","6.25"
"21967","6.25"
"21968","6.25"
"21969","6.25"
"21970","6.25"
"21971","6.25"
"21972","6.25"
"21973","6.25"
"21974","6.25"
"21975","6.25"
"21976","6.25"
"21977","6.25"
"21978","6.25"
"21979","6.25"
"21980","6.25"
"21981","6.25"
"21982","6.25"
"21983","6.25"
"21984","6.25"
"21985","6.25"
"21986","6.25"
"21987","6.25"
"21988","6.25"
"21989","6.25"
"21990","6.25"
"21991","6.25"
"21992","6.25"
"21993","6.25"
"21994","6.25"
"21995","6.25"
"21996","6.25"
"21997","6.25"
"21998","6.25"
"21999","6.25"
"22000","6.25"
"22001","6.25"
"22002","6.25"
"22003","6.25"
"22004","6.25"
"22005","6.25"
"22006","6.25"
"22007","6.25"
"22008","6.25"
"22009","6.25"
"22010","6.5"
"22011","6.5"
"22012","6.25"
"22013","6.5"
"22014","6.25"
"22015","6.25"
"22016","6.25"
"22017","6.25"
"22018","6.25"
"22019","6.25"
"22020","6.25"
"22021","6.26"
"22022","6.25"
"22023","6.25"
"22024","6.25"
"22025","6.25"
"22026","6.25"
"22027","6.25"
"22028","0"
"22029","6.25"
"22030","6.25"
"22031","6.25"
"22032","6.25"
"22033","6.25"
"22034","6.25"
"22035","6.25"
"22036","6.25"
"22037","6.25"
"22038","6.25"
"22039","6.25"
"22040","6.25"
"22041","6.25"
"22042","6.25"
"22043","6.25"
"22044","6.25"
"22045","6.25"
"22046","6.25"
"22047","6.25"
"22048","6.25"
"22049","6.25"
"22050","6.25"
"22051","6.25"
"22052","6.25"
"22053","6.25"
"22054","6.25"
"22055","6.25"
"22056","6.25"
"22057","6.25"
"22058","6.25"
"22059","6.25"
"22060","6.25"
"22061","6.25"
"22062","6.25"
"22063","6.25"
"22064","6.25"
"22065","6.25"
"22066","6.25"
"22067","0"
"22068","6.25"
"22069","0"
"22070","6.25"
"22071","6.25"
"22072","6.38"
"22073","6.25"
"22074","6.38"
"22075","6.25"
"22076","6.25"
"22077","6.38"
"22078","6.25"
"22079","0"
"22080","6.25"
"22081","6.25"
"22082","6.25"
"22083","6.25"
"22084","5.7"
"22085","5.8"
"22086","5.7"
"22087","0"
"22088","0"
"22089","5.9"
"22090","6"
"22091","6.25"
"22092","0"
"22093","5.7"
"22094","5.7"
"22095","5.8"
"22096","5.7"
"22097","5.8"
"22098","5.8"
"22099","5.8"
"22100","5.8"
"22101","5.9"
"22102","5.8"
"22103","6.25"
"22104","0"
"22105","0"
"22106","0"
"22107","5.7"
"22108","5.7"
"22109","5.7"
"22110","0"
"22111","5.8"
"22112","6.1"
"22113","5.9"
"22114","5.8"
"22115","5.8"
"22116","5.8"
"22117","0"
"22118","5.6"
"22119","6"
"22120","6"
"22121","6.1"
"22122","5.8"
"22123","5.9"
"22124","5.6"
"22125","0"
"22126","5.9"
"22127","5.7"
"22128","5.8"
"22129","5.9"
"22130","0"
"22131","5.7"
"22132","5.7"
"22133","5.9"
"22134","0"
"22135","5.8"
"22136","5.9"
"22137","0"
"22138","0"
"22139","5.6"
"22140","5.9"
"22141","5.8"
"22142","5.6"
"22143","5.5"
"22144","5.7"
"22145","5.9"
"22146","5.8"
"22147","5.9"
"22148","5.7"
"22149","5.9"
"22150","5.6"
"22151","5.7"
"22152","5.8"
"22153","5.8"
"22154","5.7"
"22155","6"
"22156","5.8"
"22157","5.6"
"22158","5.8"
"22159","0"
"22160","5.9"
"22161","5.9"
"22162","5.9"
"22163","6.25"
"22164","5.9"
"22165","5.9"
"22166","5.8"
"22167","6.25"
"22168","0"
"22169","0"
"22170","5.7"
"22171","5.7"
"22172","5.9"
"22173","5.9"
"22174","0"
"22175","5.8"
"22176","0"
"22177","5.7"
"22178","0"
"22179","6"
"22180","5.7"
"22181","6"
"22182","6"
"22183","6.1"
"22184","0"
"22185","0"
"22186","5.8"
"22187","5.7"
"22188","5.7"
"22189","0"
"22190","0"
"22191","5.8"
"22192","5.8"
"22193","5.8"
"22194","5.7"
"22195","5.7"
"22196","6"
"22197","6"
"22198","5.8"
"22199","6.25"
"22200","6.2"
"22201","5.7"
"22202","0"
"22203","0"
"22204","6.2"
"22205","6.2"
"22206","6.25"
"22207","0"
"22208","0"
"22209","0"
"22210","0"
"22211","6.1"
"22212","5.9"
"22213","5.9"
"22214","5.8"
"22215","6"
"22216","5.8"
"22217","5.9"
"22218","5.7"
"22219","5.7"
"22220","5.7"
"22221","5.8"
"22222","5.8"
"22223","5.8"
"22224","5.8"
"22225","5.8"
"22226","5.7"
"22227","5.7"
"22228","6.2"
"22229","5.7"
"22230","6.25"
"22231","6.25"
"22232","6.25"
"22233","6.25"
"22234","6.25"
"22235","6.25"
"22236","6.25"
"22237","6.25"
"22238","6.25"
"22239","6.25"
"22240","6.25"
"22241","6.25"
"22242","6.25"
"22243","6.25"
"22244","0"
"22245","6.25"
"22246","6.25"
"22247","6.25"
"22248","0"
"22249","6.25"
"22250","6.25"
"22251","6.38"
"22252","6.25"
"22253","6.25"
"22254","0"
"22255","6.38"
"22256","6.25"
"22257","6.25"
"22258","6.25"
"22259","6.25"
"22260","6.25"
"22261","6.25"
"22262","6.25"
"22263","6.25"
"22264","6.25"
"22265","6.25"
"22266","6.25"
"22267","0"
"22268","6.25"
"22269","6.25"
"22270","6.25"
"22271","6.25"
"22272","6.25"
"22273","6.25"
"22274","6.25"
"22275","6.25"
"22276","6.25"
"22277","6.25"
"22278","6.25"
"22279","6.25"
"22280","6.25"
"22281","6.25"
"22282","6.25"
"22283","6.25"
"22284","6.25"
"22285","6.25"
"22286","6.25"
"22287","6.25"
"22288","6.25"
"22289","6.25"
"22290","6.25"
"22291","6.25"
"22292","6.25"
"22293","6.25"
"22294","6.25"
"22295","6.25"
"22296","6.25"
"22297","6.25"
"22298","6.25"
"22299","6.25"
"22300","6.25"
"22301","6.25"
"22302","6.25"
"22303","6.25"
"22304","6.25"
"22305","6.25"
"22306","6.25"
"22307","6.25"
"22308","6.25"
"22309","6.25"
"22310","6.25"
"22311","6.25"
"22312","6.25"
"22313","6.25"
"22314","6.25"
"22315","6.25"
"22316","6.25"
"22317","6.25"
"22318","6.25"
"22319","6.25"
"22320","6.25"
"22321","6.25"
"22322","6.25"
"22323","6.25"
"22324","6.25"
"22325","6.25"
"22326","6.25"
"22327","6.25"
"22328","6.25"
"22329","6.25"
"22330","6.25"
"22331","6.25"
"22332","6.25"
"22333","6.25"
"22334","6.25"
"22335","6.25"
"22336","6.25"
"22337","6.25"
"22338","6.25"
"22339","6.25"
"22340","6.25"
"22341","6.25"
"22342","6.25"
"22343","6.25"
"22344","6.25"
"22345","6.25"
"22346","6.25"
"22347","6.25"
"22348","6.25"
"22349","6.25"
"22350","6.25"
"22351","6.25"
"22352","6.25"
"22353","6.25"
"22354","6.25"
"22355","6.25"
"22356","6.25"
"22357","6.25"
"22358","6.25"
"22359","6.25"
"22360","6.25"
"22361","6.25"
"22362","6.25"
"22363","6.25"
"22364","6.25"
"22365","6.25"
"22366","6.25"
"22367","6.25"
"22368","6.25"
"22369","6.25"
"22370","6.25"
"22371","6.25"
"22372","6.25"
"22373","6.25"
"22374","6.25"
"22375","6.25"
"22376","6.25"
"22377","6.25"
"22378","6.25"
"22379","6.25"
"22380","6.25"
"22381","6.25"
"22382","6.25"
"22383","6.25"
"22384","6.25"
"22385","6.25"
"22386","6.25"
"22387","6.25"
"22388","6.25"
"22389","6.25"
"22390","6.25"
"22391","6.25"
"22392","6.25"
"22393","6.25"
"22394","6.25"
"22395","6.25"
"22396","6.25"
"22397","5.46"
"22398","6.25"
"22399","6.25"
"22400","6.25"
"22401","6.25"
"22402","6.25"
"22403","6.25"
"22404","6.25"
"22405","6.25"
"22406","6.25"
"22407","6.25"
"22408","6.25"
"22409","6.25"
"22410","6.25"
"22411","6.25"
"22412","6.25"
"22413","6.25"
"22414","6.25"
"22415","6.25"
"22416","6.25"
"22417","6.25"
"22418","6.25"
"22419","6.25"
"22420","6.25"
"22421","6.25"
"22422","6.25"
"22423","6.25"
"22424","6.25"
"22425","6.25"
"22426","6.25"
"22427","6.25"
"22428","6.25"
"22429","6.25"
"22430","6.25"
"22431","6.25"
"22432","6.25"
"22433","6.25"
"22434","6.25"
"22435","6.25"
"22436","6.25"
"22437","6.25"
"22438","6.25"
"22439","6.25"
"22440","6.25"
"22441","6.25"
